reference,read_count
cp12mer-510;8451;8452;26272;8453;8454;26273;8455;8456;26274;8457;8458,155
cp12mer-54;4160;4161;22086;4162;4164;22088;4165;4166;22089;4168;4169,66
cp12mer-89;4505;4506;22426;4507;4508;22427;4509;4510;22428;4511;4512,66
cp12mer-39;4007;4008;21962;4009;4010;21963;4011;4012;21964;4013;4014,52
cp12mer-1105;13999;14000;31781;14001;14003;31782;14004;14005;31783;14006;14007,39
cp12mer-66;4277;4278;22194;4279;4280;22195;4281;4282;22196;4283;4284,37
cp12mer-178;5338;5339;23258;5340;5341;23259;5342;5343;23260;5344;5346,35
cp12mer-471;8097;8098;25918;8099;8100;25919;8101;8102;25920;8103;8104,35
cp12mer-180;5363;5364;23274;5365;5366;23275;5368;5369;23276;5370;5371,35
cp12mer-330;6764;6766;24655;6767;6768;24656;6769;6770;24657;6771;6772,35
cp12mer-40;4015;4016;21970;4017;4018;21971;4019;4020;21972;4021;4022,34
cp12mer-514;8491;8492;26305;8493;8494;26306;8495;8496;26307;8497;8498,33
cp12mer-410;7505;7506;25369;7507;7508;25370;7509;7510;25371;7511;7512,33
cp12mer-10;3754;3755;21696;3756;3757;21697;3758;3759;21698;3760;3761,30
cp12mer-605;9329;9331;27166;9332;9333;27167;9334;9335;27168;9336;9337,30
cp12mer-563;8964;8966;26779;8967;8968;26780;8969;8971;26782;8973;8974,29
cp12mer-6;3721;3722;21661;3723;3724;21662;3725;3726;21663;3727;3728,28
cp12mer-101;4614;4615;22535;4616;4617;22536;4618;4619;22537;4620;4621,27
cp12mer-618;9476;9477;27273;9478;9479;27274;9480;9481;27275;9482;9483,27
cp12mer-8;3738;3739;21679;3740;3741;21680;3742;3743;21681;3744;3745,26
cp12mer-468;8073;8074;25893;8075;8076;25894;8077;8078;25895;8079;8080,26
cp12mer-370;7129;7130;25005;7131;7132;25006;7133;7134;25007;7136;7137,26
cp12mer-616;9460;9461;27257;9462;9463;27258;9464;9465;27259;9466;9467,26
cp12mer-47;4101;4102;22027;4103;4104;22028;4105;4106;22029;4107;4108,26
cp12mer-420;7598;7599;25469;7600;7602;25470;7603;7604;25471;7605;7606,25
cp12mer-94;4554;4555;22467;4556;4557;22468;4558;4559;22469;4560;4561,25
cp12mer-88;4497;4498;22410;4499;4500;22411;4501;4502;22412;4503;4504,25
cp12mer-508;8435;8436;26256;8437;8438;26257;8439;8440;26258;8441;8442,25
cp12mer-474;8122;8123;25952;8124;8125;25953;8126;8127;25954;8128;8129,24
cp12mer-183;5388;5389;23299;5390;5391;23300;5392;5393;23301;5394;5395,24
cp12mer-83;4441;4442;22359;4443;4444;22360;4445;4446;22361;4447;4448,24
cp12mer-512;8467;8468;26288;8469;8470;26289;8471;8472;26290;8473;8474,24
cp12mer-495;8319;8320;26135;8321;8322;26136;8323;8324;26137;8325;8326,24
cp12mer-338;6833;6834;24723;6835;6836;24724;6837;6838;24725;6839;6840,24
cp12mer-1137;14278;14279;32085;14280;14281;32086;14282;14283;32087;14284;14285,23
cp12mer-240;5932;5933;23828;5934;5935;23829;5936;5938;23830;5939;5940,23
cp12mer-344;6884;6885;24779;6886;6887;24780;6888;6889;24781;6890;6891,23
cp12mer-38;3999;4000;21954;4001;4002;21955;4003;4004;21956;4005;4006,23
cp12mer-461;8015;8016;25826;8017;8018;25827;8019;8020;25828;8021;8022,22
cp12mer-43;4058;4060;21994;4061;4062;21995;4063;4064;21996;4065;4066,22
cp12mer-581;9118;9119;26946;9120;9121;26947;9122;9123;26948;9124;9125,22
cp12mer-367;7088;7089;24980;7090;7091;24981;7092;7093;24982;7094;7095,22
cp12mer-516;8508;8509;26321;8510;8511;26322;8512;8513;26323;8514;8515,22
cp12mer-4;3696;3697;21643;3698;3699;21644;3700;3701;21645;3702;3703,22
cp12mer-192;5480;5481;23381;5482;5483;23382;5484;5485;23383;5486;5487,22
cp12mer-373;7162;7163;25039;7164;7165;25040;7166;7167;25041;7168;7169,22
cp12mer-531;8646;8647;26461;8648;8649;26462;8650;8651;26463;8652;8653,21
cp12mer-517;8516;8517;26329;8518;8519;26330;8520;8521;26331;8522;8523,21
cp12mer-342;6867;6868;24763;6869;6870;24764;6871;6872;24765;6873;6874,21
cp12mer-71;4322;4323;22234;4324;4325;22235;4326;4327;22236;4328;4330,21
cp12mer-162;5190;5191;23098;5192;5193;23099;5194;5195;23100;5196;5197,20
cp12mer-326;6731;6732;24623;6733;6734;24624;6735;6736;24625;6737;6738,20
cp12mer-206;5617;5618;23513;5619;5620;23514;5621;5622;23515;5623;5624,20
cp12mer-201;5572;5574;23469;5575;5576;23470;5577;5578;23471;5579;5580,20
cp12mer-451;7901;7902;25736;7903;7904;25737;7905;7906;25738;7907;7908,20
cp12mer-378;7213;7214;25079;7215;7216;25080;7217;7218;25081;7219;7220,20
cp12mer-1095;13911;13912;31700;13914;13915;31701;13916;13917;31702;13920;13921,20
cp12mer-264;6131;6132;24049;6133;6134;24050;6135;6136;24051;6137;6138,19
cp12mer-1112;14059;14060;31838;14061;14063;31839;14064;14065;31840;14066;14068,19
cp12mer-382;7248;7249;25129;7250;7251;25130;7253;7254;25131;7255;7256,19
cp12mer-296;6439;6440;24332;6441;6442;24333;6443;6444;24335;6445;6446,19
cp12mer-52;4142;4143;22070;4145;4146;22071;4147;4148;22072;4149;4150,19
cp12mer-13;3778;3779;21721;3780;3781;21722;3783;3784;21723;3785;3786,19
cp12mer-291;6389;6390;24291;6391;6393;24292;6394;6395;24293;6396;6397,19
cp12mer-351;6943;6945;24844;6946;6947;24845;6949;6950;24846;6951;6952,19
cp12mer-421;7607;7608;25477;7609;7610;25478;7611;7612;25479;7613;7614,19
cp12mer-16;3804;3805;21753;3806;3807;21754;3808;3810;21755;3811;3812,19
cp12mer-339;6841;6842;24731;6843;6844;24732;6845;6846;24733;6847;6848,19
cp12mer-263;6122;6123;24041;6125;6126;24042;6127;6128;24043;6129;6130,19
cp12mer-513;8483;8484;26296;8485;8486;26297;8487;8488;26298;8489;8490,19
cp12mer-171;5272;5273;23182;5275;5276;23183;5277;5278;23184;5279;5280,18
cp12mer-567;9000;9001;26820;9002;9003;26821;9004;9005;26822;9006;9007,18
cp12mer-172;5281;5282;23198;5283;5284;23199;5285;5286;23200;5287;5288,18
cp12mer-608;9362;9363;27190;9364;9365;27191;9366;9367;27192;9368;9369,18
cp12mer-554;8887;8888;26693;8889;8890;26694;8891;8892;26695;8893;8894,18
cp12mer-809;11347;11349;29088;11350;11351;29089;11352;11353;29091;11354;11355,18
cp12mer-560;8936;8937;26751;8938;8939;26752;8941;8942;26753;8944;8945,18
cp12mer-154;5117;5118;23029;5119;5120;23030;5121;5122;23032;5123;5124,18
cp12mer-17;3813;3814;21761;3815;3816;21762;3817;3818;21763;3819;3820,18
cp12mer-23;3864;3865;21812;3867;3868;21813;3869;3870;21814;3871;3872,18
cp12mer-34;3956;3957;21921;3958;3960;21922;3961;3962;21923;3963;3964,18
cp12mer-472;8105;8106;25926;8108;8109;25927;8110;8111;25929;8112;8113,17
cp12mer-393;7357;7358;25221;7359;7360;25222;7361;7362;25223;7363;7364,17
cp12mer-426;7658;7659;25520;7660;7661;25521;7662;7663;25522;7664;7665,17
cp12mer-568;9009;9010;26828;9012;9013;26829;9014;9016;26830;9017;9018,17
cp12mer-50;4126;4127;22053;4128;4129;22054;4130;4131;22055;4132;4133,17
cp12mer-706;10341;10343;28071;10344;10345;28072;10346;10347;28073;10348;10349,17
cp12mer-383;7266;7267;25137;7268;7269;25138;7270;7271;25139;7272;7273,17
cp12mer-839;11607;11608;29344;11609;11610;29345;11611;11613;29346;11614;11615,17
cp12mer-664;9922;9923;27700;9924;9925;27701;9926;9927;27702;9928;9929,17
cp12mer-443;7827;7828;25671;7829;7830;25672;7831;7832;25673;7833;7834,17
cp12mer-999;13046;13047;239937;13048;13049;30794;13050;13051;30795;13052;13053,17
cp12mer-574;9061;9062;26880;9063;9064;26881;9065;9066;26882;9067;9068,17
cp12mer-453;7917;7919;25753;7920;7922;25754;7923;7924;25755;7925;7926,17
cp12mer-614;9436;9437;27241;9438;9439;27242;9440;9441;27243;9442;9443,17
cp12mer-346;6900;6901;24803;6902;6903;24804;6904;6905;24805;6906;6907,17
cp12mer-1144;14336;14338;32142;14339;14340;32143;14341;14342;32144;14343;14344,16
cp12mer-125;4832;4833;22732;4834;4835;22733;4836;4837;22734;4838;4839,16
cp12mer-46;4092;4093;22019;4094;4095;22020;4096;4097;22021;4099;4100,16
cp12mer-44;4067;4068;22002;4069;4070;22003;4071;4072;22004;4073;4074,16
cp12mer-313;6615;6616;24506;6617;6618;24507;6619;6620;24508;6621;6622,16
cp12mer-252;6033;6034;23925;6035;6036;23926;6037;6038;23927;6039;6040,16
cp12mer-319;6673;6674;24558;6675;6676;24559;6677;6678;24560;6679;6680,16
cp12mer-555;8895;8896;26701;8897;8898;26702;8899;8900;26703;8901;8902,16
cp12mer-403;7447;7448;25311;7449;7450;25312;7451;7452;25313;7453;7454,16
cp12mer-515;8499;8500;26313;8501;8502;26314;8504;8505;26315;8506;8507,16
cp12mer-476;8147;8148;25969;8149;8150;25970;8151;8152;25971;8153;8154,16
cp12mer-595;9241;9242;27085;9243;9244;27086;9245;9246;27087;9247;9248,16
cp12mer-556;8903;8904;26709;8905;8906;26710;8907;8908;26711;8909;8910,16
cp12mer-22;3856;3857;21803;3858;3859;21804;3860;3861;21805;3862;3863,16
cp12mer-119;4774;4775;22683;4776;4777;22684;4778;4779;22685;4780;4781,15
cp12mer-483;8203;8204;26036;8205;8206;26037;8207;8208;26038;8209;8210,15
cp12mer-619;9493;9494;27281;9495;9496;27282;9497;9498;27283;9499;9500,15
cp12mer-1405;16787;16788;34463;16789;16790;34464;16791;16793;34465;16794;16795,15
cp12mer-414;7538;7539;25410;7540;7541;25411;7542;7543;25412;7544;7546,15
cp12mer-198;5538;5539;23429;5540;5541;23430;5543;5544;23431;5545;5546,15
cp12mer-234;5865;5866;23769;5867;5869;23770;5870;5871;23771;5872;5873,15
cp12mer-1431;17033;17034;34719;17035;17036;34720;17037;17038;34721;17039;17040,15
cp12mer-463;8032;8033;25842;8034;8035;25843;8036;8037;25844;8038;8039,15
cp12mer-416;7563;7564;25434;7565;7566;25435;7567;7568;25436;7569;7570,15
cp12mer-96;4571;4572;22492;4574;4575;22493;4576;4577;22494;4578;4579,15
cp12mer-292;6398;6399;24300;6400;6401;24301;6402;6403;24302;6404;6405,15
cp12mer-269;6189;6190;24099;6191;6192;24101;6193;6194;24102;6195;6196,15
cp12mer-356;6989;6990;24885;6991;6992;24886;6993;6994;24887;6995;6996,15
cp12mer-28;3907;3908;21855;3909;3910;21856;3911;3912;21857;3913;3914,15
cp12mer-275;6239;6240;24158;6241;6242;24159;6243;6244;24160;6245;6246,15
cp12mer-467;8065;8066;25884;8067;8068;25886;8069;8070;25887;8071;8072,15
cp12mer-377;7205;7206;25071;7207;7208;25072;7209;7210;25073;7211;7212,15
cp12mer-518;8524;8525;26338;8526;8527;26340;8528;8529;26341;8530;8531,15
cp12mer-145;4999;5000;22926;5001;5002;22927;5003;5004;22928;5005;5006,14
cp12mer-1082;13806;13807;31576;13808;13809;31577;13810;13811;31578;13812;13813,14
cp12mer-487;8243;8244;26069;8245;8246;26070;8247;8250;26071;8251;8252,14
cp12mer-449;7884;7885;25719;7886;7887;25720;7888;7890;25721;7891;7892,14
cp12mer-1195;14809;14810;32619;14811;14812;32620;14813;14814;32621;14816;14817,14
cp12mer-507;8427;8428;26248;8429;8430;26249;8431;8432;26250;8433;8434,14
cp12mer-42;4041;4042;21986;4043;4044;21987;4045;4046;21988;4047;4048,14
cp12mer-276;6247;6248;24166;6249;6250;24167;6251;6252;24168;6253;6254,14
cp12mer-36;3982;3983;21938;3984;3985;21939;3986;3987;21940;3988;3989,14
cp12mer-133;4899;4901;22814;4902;4903;22815;4904;4905;22817;4906;4907,14
cp12mer-120;4782;4783;22691;4784;4785;22692;4786;4787;22693;4788;4789,14
cp12mer-265;6148;6149;24057;6150;6151;24058;6152;6153;24059;6154;6155,14
cp12mer-493;8303;8304;26119;8305;8306;26120;8307;8308;26121;8309;8310,14
cp12mer-228;5813;5814;23720;5815;5816;23721;5817;5818;23722;5819;5820,14
cp12mer-1220;15047;15048;32845;15049;15050;32846;15051;15052;32847;15053;15054,14
cp12mer-278;6263;6264;24183;6265;6266;24184;6267;6268;24185;6269;6270,14
cp12mer-317;6657;6658;24542;6659;6660;24543;6661;6662;24544;6663;6664,14
cp12mer-75;4356;4357;22276;4358;4359;22277;4360;4361;22278;4362;4363,14
cp12mer-1135;14261;14262;32060;14263;14264;32061;14265;14266;32062;14268;14269,14
cp12mer-74;4347;4348;22268;4349;4350;22269;4351;4352;22270;4353;4354,14
cp12mer-196;5514;5515;23413;5516;5517;23414;5518;5519;23415;5520;5521,14
cp12mer-237;5907;5909;23794;5910;5911;23795;5912;5913;23796;5914;5915,14
cp12mer-381;7238;7239;25119;7240;7241;25120;7242;7243;25121;7246;7247,14
cp12mer-310;6588;6589;24463;6590;6591;24464;6594;6595;24465;6596;6597,14
cp12mer-549;8846;8847;26636;8848;8849;26638;8850;8851;26639;8852;8853,14
cp12mer-526;8599;8600;26408;8602;8603;26409;8604;8605;26410;8606;8607,13
cp12mer-401;7430;7431;25286;7432;7433;25287;7434;7435;25288;7436;7437,13
cp12mer-376;7197;7198;25063;7199;7200;25064;7201;7202;25065;7203;7204,13
cp12mer-427;7675;7676;25529;7677;7678;25530;7679;7680;25531;7681;7682,13
cp12mer-160;5165;5166;23082;5167;5168;23083;5169;5170;23084;5171;5172,13
cp12mer-77;4380;4381;22302;4382;4383;22303;4384;4385;22304;4386;4387,13
cp12mer-575;9070;9071;26888;9072;9073;26889;9074;9075;26890;9076;9077,13
cp12mer-166;5222;5223;23133;5224;5225;23134;5226;5227;23135;5228;5229,13
cp12mer-660;9890;9891;27667;9892;9893;27668;9894;9895;27669;9896;9897,13
cp12mer-1241;15249;15251;33026;15252;15253;33028;15254;15255;33029;15256;15257,13
cp12mer-585;9160;9161;26978;9162;9163;26979;9164;9165;26980;9166;9167,13
cp12mer-364;7063;7064;24952;7065;7066;24956;7067;7068;24957;7069;7070,13
cp12mer-288;6353;6354;24267;6355;6357;24268;6358;6359;24269;6360;6361,13
cp12mer-658;9872;9873;27651;9874;9875;27652;9876;9877;27653;9879;9880,13
cp12mer-142;4973;4974;22893;4975;4976;22894;4977;4978;22895;4979;4980,13
cp12mer-246;5982;5983;23876;5984;5986;23877;5987;5988;23878;5989;5990,13
cp12mer-1125;14178;14179;31960;14180;14181;31961;14182;14183;31962;14184;14185,13
cp12mer-226;5796;5797;23704;5798;5799;23705;5800;5801;23706;5802;5803,13
cp12mer-303;6522;6523;24397;6524;6525;24398;6526;6527;24399;6528;6529,13
cp12mer-280;6287;6288;24199;6289;6290;24200;6291;6292;24201;6293;6294,13
cp12mer-611;9412;9413;27215;9414;9415;27216;9416;9417;27217;9418;9419,13
cp12mer-194;5496;5497;23397;5499;5500;23398;5501;5502;23399;5503;5504,12
cp12mer-18;3821;3822;21769;3823;3824;21770;3825;3826;21771;3827;3828,12
cp12mer-466;8057;8058;25876;8059;8060;25877;8061;8062;25878;8063;8064,12
cp12mer-1123;14160;14161;31944;14162;14163;31945;14164;14165;31946;14166;14167,12
cp12mer-256;6065;6066;23967;6067;6068;23968;6069;6070;23969;6071;6072,12
cp12mer-302;6514;6515;24389;6516;6517;24390;6518;6519;24391;6520;6521,12
cp12mer-340;6849;6850;24739;6851;6853;24740;6854;6855;24741;6856;6857,12
cp12mer-7;3729;3730;21669;3731;3732;21670;3734;3735;21671;3736;3737,12
cp12mer-70;4313;4314;22226;4315;4316;22227;4317;4318;22228;4320;4321,12
cp12mer-366;7080;7081;24972;7082;7083;24973;7084;7085;24974;7086;7087,12
cp12mer-92;4538;4539;22451;4540;4541;22452;4542;4543;22453;4544;4545,12
cp12mer-84;4449;4450;22375;4451;4452;22377;4453;4454;22379;4455;4456,12
cp12mer-418;7580;7581;25451;7582;7583;25452;7585;7587;25453;7588;7589,12
cp12mer-102;4622;4623;22543;4624;4625;22544;4626;4627;22545;4628;4629,12
cp12mer-1107;14016;14017;31798;14018;14019;31799;14020;14021;31800;14022;14023,12
cp12mer-151;5092;5093;22995;5094;5095;22996;5096;5097;22997;5098;5099,12
cp12mer-1117;14103;14104;31879;14105;14106;31880;14107;14108;31881;14109;14110,12
cp12mer-21;3848;3849;21794;3850;3851;21795;3852;3853;21796;3854;3855,12
cp12mer-137;4932;4933;22851;4934;4935;22852;4936;4937;22853;4938;4939,12
cp12mer-144;4990;4992;22918;4993;4994;22919;4995;4996;22920;4997;4998,12
cp12mer-323;6706;6707;239931;6708;6709;24591;6710;6711;24592;6712;6713,12
cp12mer-73;4339;4340;22260;4341;4342;22261;4343;4344;22262;4345;4346,12
cp12mer-129;4864;4865;22764;4866;4867;22765;4868;4869;22766;4870;4871,11
cp12mer-58;4195;4196;22121;4197;4198;22122;4199;4200;22123;4201;4202,11
cp12mer-297;6455;6456;24341;6457;6458;24342;6459;6460;24343;6462;6463,11
cp12mer-193;5488;5489;23389;5490;5491;23390;5492;5493;23391;5494;5495,11
cp12mer-541;8781;8782;26555;8783;8784;26556;8785;8786;26557;8787;8788,11
cp12mer-283;6312;6313;24224;6314;6315;24225;6316;6317;24227;6318;6319,11
cp12mer-620;9509;9510;27297;9511;9512;27299;9513;9514;27300;9515;9516,11
cp12mer-962;12697;12698;30464;12699;12700;30465;12701;12702;30466;12703;12704,11
cp12mer-299;6489;6490;24357;6491;6492;24358;6493;6494;24359;6495;6496,11
cp12mer-152;5100;5101;23012;5102;5103;23013;5104;5105;23014;5106;5107,11
cp12mer-1356;16328;16329;34035;16330;16331;34036;16332;16333;34037;16334;16335,11
cp12mer-241;5941;5942;23836;5943;5944;23837;5945;5946;23838;5947;5948,11
cp12mer-124;4824;4825;22724;4826;4827;22725;4828;4829;22726;4830;4831,11
cp12mer-1007;13122;13123;30861;13124;13125;30862;13126;13127;30863;13128;13129,11
cp12mer-336;6815;6816;24706;6817;6818;24707;6819;6820;24708;6821;6822,11
cp12mer-1161;14499;14500;32286;14501;14502;32287;14503;14504;32288;14505;14506,11
cp12mer-190;5464;5465;23365;5466;5467;23366;5468;5469;23367;5470;5471,11
cp12mer-489;8269;8270;26086;8271;8272;26087;8273;8274;26088;8275;8276,11
cp12mer-1085;13830;13831;31601;13832;13833;31602;13834;13835;31603;13836;13837,11
cp12mer-127;4848;4849;22748;4850;4851;22749;4852;4853;22750;4854;4855,11
cp12mer-337;6823;6824;24715;6826;6827;24716;6828;6829;24717;6831;6832,11
cp12mer-188;5447;5448;23348;5449;5450;23349;5451;5452;23350;5453;5455,11
cp12mer-156;5133;5134;23046;5135;5136;23047;5137;5138;23048;5139;5140,11
cp12mer-571;9036;9037;26855;9038;9039;26856;9040;9041;26857;9043;9044,11
cp12mer-259;6089;6090;24009;6091;6092;24010;6093;6094;24011;6095;6096,11
cp12mer-1452;17210;17211;34900;17212;17213;34901;17214;17215;34902;17216;17217,11
cp12mer-300;6497;6498;24365;6499;6501;24366;6502;6503;24367;6504;6505,11
cp12mer-355;6981;6982;24877;6983;6984;24878;6985;6986;24879;6987;6988,11
cp12mer-977;12828;12829;30595;12831;12832;30596;12833;12834;30598;12835;12836,10
cp12mer-130;4872;4874;239958;4875;4876;22773;4877;4878;22774;4879;4880,10
cp12mer-1122;14144;14145;31936;14146;14147;31937;14148;14149;31938;14150;14151,10
cp12mer-973;12796;12797;30554;12798;12799;30555;12800;12801;30556;12802;12803,10
cp12mer-1150;14397;14398;32195;14400;14401;32196;14402;14404;32197;14405;14406,10
cp12mer-229;5821;5822;23728;5823;5824;23729;5825;5826;23730;5827;5828,10
cp12mer-572;9045;9046;26864;9047;9048;26865;9049;9050;26866;9051;9052,10
cp12mer-204;5599;5600;23495;5601;5602;23496;5603;5604;23497;5606;5607,10
cp12mer-1243;15267;15268;33043;15269;15270;33044;15271;15272;33045;15273;15274,10
cp12mer-257;6073;6074;23983;6075;6076;23984;6077;6078;23985;6079;6080,10
cp12mer-153;5109;5110;23020;5111;5112;23021;5113;5114;23022;5115;5116,10
cp12mer-1181;14677;14678;32480;14679;14680;32481;14681;14682;32482;14683;14684,10
cp12mer-136;4924;4925;22841;4926;4927;22843;4928;4929;22844;4930;4931,10
cp12mer-1053;13538;13539;31330;13540;13541;31331;13542;13543;31332;13544;13546,10
cp12mer-865;11833;11834;29572;11835;11836;29573;11837;11838;29574;11839;11840,10
cp12mer-506;8417;8418;26240;8419;8420;26241;8423;8424;26242;8425;8426,10
cp12mer-656;9845;9846;27634;9848;9849;27635;9850;9851;27636;9852;9853,10
cp12mer-1140;14302;14304;32110;14305;14306;32111;14307;14308;32112;14309;14310,10
cp12mer-106;4662;4663;22576;4665;4666;22577;4667;4669;22578;4670;4671,10
cp12mer-1045;13472;13473;31262;13474;13475;31263;13476;13477;31264;13478;13479,10
cp12mer-1023;13264;13265;31057;13266;13267;31058;13268;13269;31059;13270;13271,10
cp12mer-177;5321;5322;23249;5323;5324;23250;5325;5326;23251;5327;5328,10
cp12mer-179;5347;5348;23266;5349;5350;23267;5351;5352;23268;5353;5354,10
cp12mer-248;5999;6000;23893;6001;6002;23894;6003;6004;23895;6005;6006,10
cp12mer-99;4597;4598;22517;4599;4600;22518;4602;4603;22519;4604;4605,10
cp12mer-325;6723;6724;24614;6725;6726;24616;6727;6728;24617;6729;6730,10
cp12mer-593;9225;9226;27069;9227;9228;27070;9229;9230;27071;9231;9232,10
cp12mer-205;5608;5609;23504;5610;5611;23505;5612;5613;23506;5615;5616,10
cp12mer-27;3899;3900;21846;3901;3902;21847;3903;3904;21848;3905;3906,10
cp12mer-533;8670;8671;26486;8672;8673;26487;8674;8675;26488;8676;8677,10
cp12mer-1087;13847;13848;31617;13849;13850;31618;13851;13852;31619;13853;13854,10
cp12mer-543;8797;8798;26579;8799;8800;26580;8802;8803;26581;8804;8805,10
cp12mer-324;6714;6715;24606;6717;6718;24607;6719;6720;24608;6721;6722,10
cp12mer-520;8542;8543;26356;8544;8545;26357;8546;8547;26358;8548;8549,10
cp12mer-369;7120;7121;24996;7122;7123;24997;7124;7125;24998;7127;7128,10
cp12mer-447;7860;7861;25703;7862;7863;25704;7864;7865;25705;7866;7867,10
cp12mer-79;4397;4398;22327;4399;4400;239959;4401;4402;22329;4403;4404,10
cp12mer-189;5456;5457;23357;5458;5459;23358;5460;5461;23359;5462;5463,10
cp12mer-1128;14202;14203;31984;14204;14205;31985;14206;14208;31986;14209;14210,10
cp12mer-1061;13614;13616;31394;13617;13618;31395;13619;13620;31396;13621;13622,10
cp12mer-1285;15669;15670;33421;15671;15672;33422;15673;15674;33423;15675;15676,10
cp12mer-1320;16000;16001;33721;16002;16003;33722;16004;16005;33723;16006;16007,10
cp12mer-72;4331;4332;22251;4333;4334;22252;4335;4336;22253;4337;4338,9
cp12mer-799;11254;11255;28996;11256;11257;28997;11258;11259;28998;11260;11261,9
cp12mer-1143;14327;14328;32134;14330;14331;32135;14332;14333;32136;14334;14335,9
cp12mer-385;7283;7285;25155;7286;7287;25156;7288;7289;25157;7290;7291,9
cp12mer-460;8005;8006;25818;8008;8010;25819;8011;8012;25820;8013;8014,9
cp12mer-249;6007;6008;23901;6009;6010;23902;6011;6012;23903;6013;6014,9
cp12mer-216;5702;5703;23613;5704;5705;23614;5706;5707;23615;5708;5709,9
cp12mer-203;5591;5592;23487;5593;5594;23488;5595;5596;23489;5597;5598,9
cp12mer-1063;13631;13632;31412;13633;13634;31413;13635;13636;31414;13637;13638,9
cp12mer-348;6916;6917;24819;6918;6919;24820;6920;6921;24821;6922;6924,9
cp12mer-3;3687;3688;21635;3690;3691;21636;3692;3693;21637;3694;3695,9
cp12mer-361;7030;7031;24928;7032;7033;24929;7034;7035;24930;7036;7037,9
cp12mer-20;3838;3839;21786;3840;3841;21787;3842;3844;21788;3846;3847,9
cp12mer-528;8616;8617;26424;8618;8619;26425;8620;8622;26426;8623;8624,9
cp12mer-1115;14086;14087;239935;14088;14089;31863;14090;14091;31864;14092;14093,9
cp12mer-379;7221;7222;25087;7223;7224;25088;7225;7226;25089;7227;7228,9
cp12mer-51;4134;4135;22062;4136;4137;22063;4138;4139;22064;4140;4141,9
cp12mer-1266;15467;15468;33246;15469;15470;33247;15471;15473;33248;15475;15476,9
cp12mer-63;4253;4254;22170;4255;4256;22171;4257;4258;22172;4259;4260,9
cp12mer-537;8731;8732;26520;8733;8734;26521;8735;8736;26522;8737;8738,9
cp12mer-539;8757;8758;26537;8759;8760;26538;8761;8762;26539;8763;8764,9
cp12mer-268;6181;6182;24082;6183;6184;24083;6185;6186;24084;6187;6188,9
cp12mer-167;5230;5231;23141;5232;5233;23142;5234;5235;23143;5236;5237,9
cp12mer-345;6892;6893;24795;6894;6895;24796;6896;6897;24797;6898;6899,9
cp12mer-1051;13521;13522;31312;13523;13524;31313;13525;13526;31314;13527;13528,9
cp12mer-509;8443;8444;26264;8445;8446;26265;8447;8448;26266;8449;8450,9
cp12mer-164;5206;5207;23116;5208;5209;23117;5210;5211;23118;5212;5213,9
cp12mer-68;4294;4295;22210;4297;4298;22211;4299;4300;22212;4301;4302,9
cp12mer-251;6023;6025;23917;6026;6027;23918;6028;6029;23919;6031;6032,9
cp12mer-573;9053;9054;26872;9055;9056;26873;9057;9058;26874;9059;9060,9
cp12mer-86;4468;4469;22393;4470;4472;22394;4473;4474;22395;4475;4476,9
cp12mer-95;4562;4563;22475;4564;4565;22476;4566;4568;22477;4569;4570,9
cp12mer-1357;16336;16337;34043;16338;16339;34044;16340;16341;34045;16342;16343,9
cp12mer-933;12437;12438;30197;12439;12440;30198;12441;12442;30199;12443;12444,9
cp12mer-243;5958;5959;23852;5960;5961;23853;5962;5963;23854;5964;5965,9
cp12mer-1341;16176;16177;33903;16178;16179;33904;16180;16181;33905;16182;16183,9
cp12mer-1222;15072;15073;239930;15074;15075;32870;15076;15077;32871;15078;15079,9
cp12mer-62;4237;4238;22162;4239;4240;22163;4241;4242;22164;4243;4244,9
cp12mer-320;6681;6682;24566;6683;6684;24567;6685;6686;24568;6687;6688,9
cp12mer-157;5141;5142;239932;5143;5144;23055;5145;5146;23056;5147;5148,9
cp12mer-712;10408;10409;28121;10410;10411;28122;10412;10413;28123;10414;10415,9
cp12mer-358;7005;7006;24902;7007;7008;24903;7009;7010;239947;7011;7012,9
cp12mer-150;5084;5085;22978;5086;5087;22979;5088;5089;22980;5090;5091,8
cp12mer-78;4388;4390;22310;4391;4392;22311;4393;4394;22312;4395;4396,8
cp12mer-833;11555;11556;29286;11557;11558;29287;11559;11560;29288;11561;11562,8
cp12mer-289;6370;6371;24275;6372;6373;24276;6374;6376;24277;6377;6378,8
cp12mer-769;10985;10987;28676;10988;10989;28677;10990;10991;28678;10992;10993,8
cp12mer-547;8830;8831;26620;8832;8833;26621;8834;8835;26622;8836;8837,8
cp12mer-773;11019;11020;28708;11021;11022;28709;11023;11024;28710;11025;11026,8
cp12mer-333;6789;6790;24680;6791;6792;24681;6793;6794;24682;6795;6796,8
cp12mer-1327;16058;16059;33779;16061;16062;33780;16063;16064;33781;16065;16066,8
cp12mer-161;5173;5174;23090;5175;5177;23091;5178;5179;23092;5180;5181,8
cp12mer-1331;16091;16093;33820;16094;16095;33821;16096;16098;33822;16099;16100,8
cp12mer-1513;17749;17750;35412;17752;17753;35413;17754;17755;35414;17756;17757,8
cp12mer-308;6571;6572;24446;6574;6575;24447;6576;6577;24448;6578;6579,8
cp12mer-761;10910;10911;28583;10912;10913;28584;10914;10915;28585;10916;10917,8
cp12mer-1233;15179;15180;32960;15181;15182;32961;15183;15184;32962;15185;15186,8
cp12mer-475;8138;8140;25961;8141;8142;25962;8143;8144;25963;8145;8146,8
cp12mer-473;8114;8115;25935;8116;8117;25936;8118;8119;25937;8120;8121,8
cp12mer-374;7178;7179;25047;7180;7181;25048;7182;7184;25049;7186;7187,8
cp12mer-1265;15459;15460;33238;15461;15462;33239;15463;15464;33240;15465;15466,8
cp12mer-987;12930;12932;30688;12933;12934;30689;12935;12936;30690;12937;12938,8
cp12mer-947;12562;12563;30328;12564;12566;30329;12567;12570;30330;12571;12572,8
cp12mer-380;7229;7230;25095;7231;7232;25096;7233;7234;25097;7236;7237,8
cp12mer-236;5899;5900;23786;5901;5902;23787;5903;5904;23788;5905;5906,8
cp12mer-787;11153;11154;28863;11155;11156;28864;11157;11158;28865;11159;11160,8
cp12mer-14;3787;3788;21737;3790;3791;21738;3792;3793;21739;3794;3795,8
cp12mer-231;5838;5839;23744;5841;5842;23745;5843;5844;23746;5845;5846,8
cp12mer-128;4856;4857;22756;4858;4859;22757;4860;4861;22758;4862;4863,8
cp12mer-1429;17017;17018;34695;17019;17020;34696;17021;17022;34697;17023;17024,8
cp12mer-413;7529;7530;25393;7532;7533;25394;7534;7535;25395;7536;7537,8
cp12mer-1509;17708;17709;35379;17710;17711;35380;17712;17713;35381;17714;17715,8
cp12mer-1379;16528;16529;34226;16530;16531;34227;16532;16533;34228;16534;16535,8
cp12mer-503;8393;8394;26216;8395;8396;26217;8397;8398;26218;8399;8400,8
cp12mer-501;8376;8377;26188;8378;8379;26189;8380;8382;26190;8383;8384,8
cp12mer-255;6057;6058;23959;6059;6060;23960;6061;6062;23961;6063;6064,8
cp12mer-893;12081;12082;29824;12083;12084;29825;12085;12086;29826;12087;12088,8
cp12mer-232;5847;5848;23752;5849;5850;23753;5851;5852;23754;5853;5854,8
cp12mer-314;6631;6633;24514;6634;6635;24515;6637;6638;24516;6639;6640,8
cp12mer-859;11774;11775;29515;11776;11777;29516;11778;11779;29517;11780;11781,8
cp12mer-635;9672;9673;27430;9674;9675;27431;9676;9677;27432;9678;9679,8
cp12mer-524;8575;8576;26389;8577;8578;26390;8579;8580;26391;8581;8582,8
cp12mer-168;5238;5239;23149;5241;5242;23151;5243;5244;23152;5245;5246,7
cp12mer-131;4882;4883;22789;4884;4885;22791;4886;4887;22792;4888;4889,7
cp12mer-312;6606;6607;24497;6608;6609;24498;6610;6611;24499;6613;6614,7
cp12mer-282;6303;6305;24215;6306;6307;24217;6308;6309;24218;6310;6311,7
cp12mer-815;11398;11399;29138;11400;11401;29139;11402;11403;29140;11404;11405,7
cp12mer-214;5683;5684;23589;5685;5686;23590;5687;5689;23591;5690;5692,7
cp12mer-911;12230;12231;30010;12232;12233;30011;12234;12235;30012;12236;12237,7
cp12mer-245;5974;5975;23868;5976;5977;23869;5978;5979;23870;5980;5981,7
cp12mer-621;9525;9526;27306;9527;9528;27307;9529;9530;27308;9531;9532,7
cp12mer-1059;13598;13599;31378;13600;13601;31379;13602;13603;31380;13604;13605,7
cp12mer-65;4269;4270;22186;4271;4272;22187;4273;4274;22188;4275;4276,7
cp12mer-1080;13789;13790;31559;13791;13792;31560;13793;13794;31561;13795;13796,7
cp12mer-774;11027;11028;28717;11029;11030;28718;11031;11032;28719;11033;11034,7
cp12mer-1364;16404;16405;34105;16406;16407;34106;16408;16409;34107;16410;16411,7
cp12mer-41;4033;4034;21978;4035;4036;21979;4037;4038;21980;4039;4040,7
cp12mer-254;6049;6050;23942;6051;6052;23943;6053;6054;23944;6055;6056,7
cp12mer-1083;13814;13815;31584;13816;13817;31585;13818;13819;31586;13820;13821,7
cp12mer-650;9796;9797;27577;9798;9799;27578;9800;9801;27579;9802;9803,7
cp12mer-1199;14852;14853;32651;14854;14855;32652;14856;14857;32653;14858;14859,7
cp12mer-1272;15537;15539;33303;15540;15541;33304;15542;15543;33305;15544;15545,7
cp12mer-165;5214;5215;23125;5216;5217;23126;5218;5219;23127;5220;5221,7
cp12mer-217;5710;5711;23621;5712;5713;23622;5714;5715;23623;5716;5717,7
cp12mer-69;4303;4305;22218;4306;4307;22219;4308;4309;22220;4311;4312,7
cp12mer-318;6665;6666;24550;6667;6668;24551;6669;6670;24552;6671;6672,7
cp12mer-316;6649;6650;24532;6651;6652;24533;6653;6654;24534;6655;6656,7
cp12mer-48;4109;4110;22035;4111;4112;22037;4113;4114;22038;4115;4116,7
cp12mer-1254;15360;15361;33150;15362;15363;33151;15364;15365;33152;15366;15367,7
cp12mer-1121;14135;14136;31920;14137;14138;31921;14139;14140;31922;14141;14143,7
cp12mer-93;4546;4547;22459;4548;4549;22460;4550;4551;22461;4552;4553,7
cp12mer-1206;14918;14919;32707;14920;14921;32708;14922;14924;32709;14925;14926,7
cp12mer-711;10400;10401;28113;10402;10403;28114;10404;10405;28115;10406;10407,7
cp12mer-835;11571;11573;29303;11574;11575;29304;11576;11577;29305;11578;11579,7
cp12mer-1000;13054;13055;30801;13056;13058;30802;13059;13060;30803;13061;13062,7
cp12mer-363;7055;7056;24944;7057;7058;24945;7059;7060;24946;7061;7062,7
cp12mer-1077;13765;13766;31527;13767;13768;31528;13769;13770;31529;13771;13772,7
cp12mer-583;9143;9144;26962;9145;9146;26963;9147;9148;26964;9149;9150,7
cp12mer-341;6858;6860;24747;6861;6862;24748;6863;6864;24749;6865;6866,7
cp12mer-266;6156;6157;24065;6158;6159;24066;6160;6161;24067;6162;6163,7
cp12mer-762;10918;10919;28591;10920;10921;28592;10922;10923;28593;10924;10925,7
cp12mer-195;5505;5507;23405;5508;5509;23406;5510;5511;23407;5512;5513,7
cp12mer-641;9720;9721;27487;9722;9723;27488;9724;9725;27489;9726;9727,7
cp12mer-1361;16369;16370;34080;16371;16372;34081;16374;16375;34082;16376;16377,7
cp12mer-132;4890;4891;22798;4893;4894;22799;4895;4896;22800;4897;4898,7
cp12mer-1360;16361;16362;34070;16363;16364;239933;16365;16366;34072;16367;16368,7
cp12mer-956;12646;12647;30414;12648;12649;30415;12650;12651;30416;12652;12653,7
cp12mer-433;7723;7724;25578;7725;7726;25579;7727;7728;25580;7729;7730,7
cp12mer-110;4697;4698;22608;4699;4700;22609;4701;4702;22610;4703;4704,7
cp12mer-939;12486;12487;30245;12488;12489;30246;12490;12491;30247;12492;12493,7
cp12mer-853;11724;11725;29465;11726;11727;29466;11728;11729;29467;11730;11731,7
cp12mer-874;11909;11910;29648;11911;11913;29649;11914;11915;29650;11917;11918,7
cp12mer-230;5829;5830;23736;5831;5832;23737;5833;5834;23738;5835;5836,7
cp12mer-519;8532;8533;26347;8534;8536;26348;8537;8538;26349;8539;8541,7
cp12mer-807;11331;11332;29072;11333;11334;29073;11335;11336;29074;11337;11338,7
cp12mer-1447;17166;17167;34859;17168;17169;34860;17170;17171;34861;17172;17174,6
cp12mer-1359;16352;16354;34060;16355;16356;34061;16357;16358;34062;16359;16360,6
cp12mer-558;8919;8920;26727;8921;8922;26728;8924;8925;26729;8926;8927,6
cp12mer-465;8048;8049;25868;8050;8051;25869;8052;8053;25870;8054;8056,6
cp12mer-1145;14346;14347;32150;14348;14349;32151;14350;14351;32152;14353;14354,6
cp12mer-90;4513;4514;22435;4515;4516;22436;4517;4518;22437;4519;4520,6
cp12mer-352;6953;6954;24853;6955;6956;24854;6957;6958;24855;6960;6961,6
cp12mer-940;12494;12495;30253;12496;12497;30254;12498;12499;30255;12500;12501,6
cp12mer-1156;14458;14459;32244;14460;14461;32245;14462;14463;32246;14464;14465,6
cp12mer-1127;14194;14195;31976;14196;14197;31977;14198;14199;31978;14200;14201,6
cp12mer-873;11901;11902;29640;11903;11904;29641;11905;11906;29642;11907;11908,6
cp12mer-603;9313;9314;27149;9315;9316;27150;9317;9318;27151;9319;9320,6
cp12mer-931;12421;12422;30181;12423;12424;30182;12425;12426;30183;12427;12428,6
cp12mer-795;11220;11222;28953;11224;11225;28954;11226;11227;28955;11228;11229,6
cp12mer-1264;15450;15451;33230;15452;15453;33231;15454;15456;33232;15457;15458,6
cp12mer-59;4203;4205;22129;4206;4207;22130;4208;4209;22131;4210;4211,6
cp12mer-223;5763;5764;23679;5765;5766;23680;5767;5768;23681;5769;5770,6
cp12mer-1159;14482;14483;32269;14484;14485;32270;14486;14487;32271;14488;14490,6
cp12mer-187;5438;5439;23340;5440;5441;23341;5442;5443;23342;5444;5446,6
cp12mer-141;4964;4966;22885;4967;4968;22886;4969;4970;22887;4971;4972,6
cp12mer-464;8040;8041;25851;8042;8043;25852;8044;8045;25853;8046;8047,6
cp12mer-823;11463;11464;29204;11465;11466;29205;11467;11468;29207;11469;11470,6
cp12mer-97;4580;4581;22500;4582;4583;22501;4584;4585;22502;4586;4587,6
cp12mer-143;4981;4982;22901;4983;4984;22902;4985;4986;22903;4988;4989,6
cp12mer-199;5555;5556;23445;5557;5558;23446;5559;5560;23447;5561;5562,6
cp12mer-1415;16875;16876;34544;16877;16878;34545;16879;16880;34546;16881;16882,6
cp12mer-857;11756;11757;29498;11758;11759;29499;11761;11762;29500;11763;11764,6
cp12mer-1347;16250;16251;33951;16252;16253;33952;16254;16255;33953;16257;16258,6
cp12mer-897;12113;12114;29867;12115;12116;29869;12117;12118;29870;12119;12120,6
cp12mer-109;4689;4690;22600;4691;4692;22601;4693;4694;22602;4695;4696,6
cp12mer-362;7038;7039;24936;7040;7041;24937;7042;7043;24938;7044;7045,6
cp12mer-1474;17390;17391;35091;17392;17393;35092;17394;17395;35093;17396;17397,6
cp12mer-610;9395;9396;27206;9397;9398;27208;9399;9400;27209;9401;9402,6
cp12mer-76;4364;4365;22285;4366;4367;22286;4368;4369;22287;4370;4371,6
cp12mer-138;4940;4941;22859;4942;4943;22860;4944;4945;22861;4946;4947,6
cp12mer-1381;16544;16545;34251;16546;16547;34252;16548;16549;34253;16550;16551,6
cp12mer-604;9321;9322;27158;9323;9324;27159;9325;9326;27160;9327;9328,6
cp12mer-1146;14355;14356;32159;14357;14358;32160;14359;14360;32161;14361;14362,6
cp12mer-1057;13582;13583;31362;13584;13585;31363;13586;13587;31364;13588;13589,6
cp12mer-909;12213;12214;29985;12215;12216;29986;12217;12218;29987;12220;12221,6
cp12mer-218;5718;5719;23629;5720;5721;23630;5722;5723;23631;5724;5726,6
cp12mer-1119;14119;14120;31903;14121;14122;31904;14123;14124;31905;14125;14126,6
cp12mer-360;7021;7023;24919;7024;7025;24920;7026;7027;24922;7028;7029,6
cp12mer-1124;14168;14169;31952;14171;14172;31953;14173;14175;31954;14176;14177,6
cp12mer-1350;16275;16276;33975;16277;16278;33976;16279;16280;33977;16281;16282,5
cp12mer-717;10449;10450;28178;10451;10452;28179;10453;10454;28181;10455;10456,5
cp12mer-1047;13488;13489;31278;13490;13491;31279;13492;13493;31280;13495;13496,5
cp12mer-963;12705;12706;30472;12707;12708;30473;12709;12710;30474;12711;12712,5
cp12mer-511;8459;8460;26280;8461;8462;26281;8463;8464;26282;8465;8466,5
cp12mer-350;6935;6936;24836;6937;6938;24837;6939;6940;24838;6941;6942,5
cp12mer-365;7071;7072;239946;7073;7074;24964;7075;7077;24965;7078;7079,5
cp12mer-191;5472;5473;23373;5474;5475;23374;5476;5477;23375;5478;5479,5
cp12mer-557;8911;8912;26718;8913;8914;26719;8915;8916;239992;8917;8918,5
cp12mer-562;8956;8957;26771;8958;8959;26772;8960;8961;26773;8962;8963,5
cp12mer-186;5429;5431;23323;5432;5433;23324;5434;5435;23325;5436;5437,5
cp12mer-181;5372;5373;23283;5374;5375;23284;5376;5377;23285;5378;5379,5
cp12mer-1151;14407;14408;32203;14409;14410;32204;14411;14412;32205;14413;14414,5
cp12mer-1371;16461;16462;34161;16463;16464;34162;16465;16466;34163;16467;16468,5
cp12mer-959;12671;12672;30438;12673;12674;30439;12675;12677;30440;12678;12679,5
cp12mer-98;4588;4589;22509;4590;4592;22510;4593;4594;22511;4595;4596,5
cp12mer-415;7547;7548;25418;7549;7550;25419;7551;7552;25420;7553;7554,5
cp12mer-170;5264;5265;23174;5266;5267;23175;5268;5269;23176;5270;5271,5
cp12mer-1;3669;3670;21619;3671;3672;21620;3673;3675;21621;3676;3677,5
cp12mer-995;13004;13005;30752;13006;13007;30753;13008;13009;30754;13010;13011,5
cp12mer-1471;17365;17366;35067;17367;17368;35068;17369;17370;35069;17371;17372,5
cp12mer-1225;15106;15107;32893;15108;15109;32894;15110;15111;32895;15112;15113,5
cp12mer-988;12939;12940;30696;12941;12942;30697;12943;12944;30698;12945;12946,5
cp12mer-158;5149;5150;23062;5151;5152;23063;5153;5154;23065;5155;5156,5
cp12mer-82;4431;4432;22351;4433;4434;22352;4435;4437;22353;4438;4439,5
cp12mer-566;8992;8993;26812;8994;8995;26813;8996;8997;26814;8998;8999,5
cp12mer-1089;13863;13864;31633;13865;13866;31634;13867;13868;31635;13869;13870,5
cp12mer-849;11689;11690;29433;11692;11694;239940;11695;11696;29435;11697;11698,5
cp12mer-985;12914;12915;30663;12916;12917;30664;12918;12919;30665;12920;12921,5
cp12mer-1446;17158;17159;34851;17160;17161;34852;17162;17163;34853;17164;17165,5
cp12mer-182;5380;5381;23291;5382;5383;23292;5384;5385;23293;5386;5387,5
cp12mer-211;5658;5659;23555;5660;5661;23556;5662;5663;23557;5664;5665,5
cp12mer-1043;13448;13449;31238;13450;13451;31239;13452;13453;31240;13454;13455,5
cp12mer-643;9738;9739;27503;9740;9741;27504;9742;9743;27505;9744;9746,5
cp12mer-983;12880;12881;30646;12882;12883;30647;12885;12886;30648;12887;12888,5
cp12mer-332;6781;6782;24672;6783;6784;24673;6785;6786;24674;6787;6788,5
cp12mer-273;6222;6223;24133;6224;6225;24134;6226;6227;24135;6228;6229,5
cp12mer-176;5313;5314;23240;5315;5316;23241;5317;5318;23242;5319;5320,5
cp12mer-1499;17609;17610;35295;17611;17612;35296;17613;17614;35297;17615;17616,5
cp12mer-587;9177;9178;26995;9179;9180;26996;9181;9182;26997;9183;9184,5
cp12mer-1131;14227;14228;32010;14229;14230;32011;14231;14232;32012;14233;14234,5
cp12mer-1383;16560;16561;34268;16562;16563;34269;16564;16565;34270;16566;16568,5
cp12mer-491;8287;8288;26102;8289;8290;26103;8291;8292;26104;8293;8294,5
cp12mer-294;6422;6423;24316;6424;6425;24317;6426;6427;24318;6428;6429,5
cp12mer-295;6430;6431;24324;6432;6433;24325;6434;6435;24326;6437;6438,5
cp12mer-81;4423;4424;22343;4425;4426;22344;4427;4428;22345;4429;4430,5
cp12mer-1034;13362;13363;31147;13365;13366;31148;13367;13368;31149;13369;13370,5
cp12mer-602;9297;9298;27141;9299;9300;27142;9301;9302;27143;9303;9304,5
cp12mer-311;6598;6599;24480;6600;6601;24481;6602;6603;24482;6604;6605,5
cp12mer-779;11076;11077;28782;11078;11079;28783;11080;11082;28784;11083;11084,5
cp12mer-1084;13822;13823;31592;13824;13825;31593;13826;13827;31594;13828;13829,5
cp12mer-613;9428;9429;27232;9430;9431;27233;9432;9433;27235;9434;9435,5
cp12mer-197;5530;5531;23421;5532;5533;23422;5534;5535;23423;5536;5537,5
cp12mer-943;12520;12521;30278;12522;12523;30279;12524;12525;30280;12526;12527,5
cp12mer-353;6962;6963;24861;6964;6965;24862;6966;6967;24863;6968;6969,5
cp12mer-155;5125;5126;23038;5127;5128;23039;5129;5130;23040;5131;5132,5
cp12mer-1138;14286;14287;32093;14288;14289;32095;14290;14291;32096;14292;14293,5
cp12mer-347;6908;6909;24811;6910;6911;24812;6912;6913;24813;6914;6915,5
cp12mer-304;6530;6531;24405;6532;6533;24406;6534;6535;24407;6536;6537,5
cp12mer-570;9027;9029;26846;9030;9031;26847;9032;9033;26848;9034;9035,5
cp12mer-991;12971;12972;30720;12973;12974;30721;12975;12976;30722;12977;12978,5
cp12mer-847;11672;11673;29416;11674;11676;29417;11677;11678;29418;11679;11680,5
cp12mer-126;4840;4841;22740;4842;4843;22741;4844;4845;22742;4846;4847,5
cp12mer-1118;14111;14112;31895;14113;14114;31896;14115;14116;31897;14117;14118,5
cp12mer-1239;15231;15232;33010;15233;15234;33011;15235;15236;33012;15237;15238,5
cp12mer-24;3873;3874;21820;3875;3876;21821;3877;3878;21822;3879;3881,5
cp12mer-49;4117;4119;22044;4120;4121;22045;4122;4123;22046;4124;4125,5
cp12mer-1498;17601;17602;35286;17603;17604;35287;17605;17606;35289;17607;17608,5
cp12mer-1094;13903;13904;31683;13905;13906;31684;13907;13908;31685;13909;13910,5
cp12mer-1154;14440;14441;32228;14442;14443;32229;14444;14445;32230;14446;14447,5
cp12mer-1237;15214;15215;32993;15216;15217;32994;15218;15219;32995;15220;15221,5
cp12mer-222;5755;5756;23670;5757;5758;23671;5759;5760;23672;5761;5762,5
cp12mer-609;9378;9379;27198;9380;9381;27199;9382;9383;27200;9384;9385,5
cp12mer-1165;14542;14543;32318;14544;14546;32319;14547;14548;32320;14549;14550,5
cp12mer-270;6197;6198;24109;6199;6200;24110;6201;6202;24111;6203;6204,4
cp12mer-2;3678;3679;21627;3681;3682;21628;3683;3684;21629;3685;3686,4
cp12mer-913;12246;12247;30026;12248;12249;30027;12250;12251;30028;12252;12253,4
cp12mer-737;10641;10642;28369;10643;10644;28370;10645;10646;28371;10647;10648,4
cp12mer-1496;17577;17578;35270;17579;17580;35271;17581;17582;35272;17583;17584,4
cp12mer-1453;17218;17219;34908;17220;17221;34909;17222;17223;34910;17225;17226,4
cp12mer-301;6506;6507;24373;6508;6509;24374;6510;6511;24375;6512;6513,4
cp12mer-784;11127;11128;28831;11129;11130;28832;11131;11132;28833;11133;11134,4
cp12mer-753;10825;10826;28509;10827;10828;28510;10829;10830;28511;10831;10832,4
cp12mer-440;7803;7804;239944;7805;7806;25646;7807;7808;25647;7809;7810,4
cp12mer-803;11286;11287;29028;11288;11289;29029;11290;11291;29030;11292;11293,4
cp12mer-1363;16396;16397;34097;16398;16399;34098;16400;16401;34099;16402;16403,4
cp12mer-858;11765;11766;29507;11767;11768;29508;11769;11770;29509;11771;11772,4
cp12mer-322;6697;6698;24582;6700;6701;24583;6702;6703;24584;6704;6705,4
cp12mer-293;6414;6415;24308;6416;6417;24309;6418;6419;24310;6420;6421,4
cp12mer-843;11640;11641;29384;11642;11643;29385;11644;11645;29386;11646;11647,4
cp12mer-793;11203;11204;28928;11205;11206;28929;11207;11208;28931;11209;11210,4
cp12mer-175;5305;5306;23232;5307;5308;23233;5309;5310;23234;5311;5312,4
cp12mer-212;5666;5667;23563;5668;5669;23564;5670;5671;23565;5672;5673,4
cp12mer-1029;13313;13314;31106;13315;13316;31107;13317;13318;31108;13319;13320,4
cp12mer-1130;14219;14220;32002;14221;14222;32003;14223;14224;32004;14225;14226,4
cp12mer-887;12023;12024;29765;12026;12027;29766;12028;12029;29767;12030;12031,4
cp12mer-91;4521;4522;22443;4523;4524;22444;4525;4526;22445;4527;4528,4
cp12mer-417;7571;7573;25442;7574;7575;25443;7576;7577;25444;7578;7579,4
cp12mer-1240;15239;15240;33018;15242;15243;33019;15244;15245;33020;15246;15248,4
cp12mer-1015;13187;13188;30967;13189;13190;30968;13191;13192;30969;13193;13194,4
cp12mer-215;5693;5694;23605;5695;5696;23606;5697;5698;23607;5699;5700,4
cp12mer-315;6641;6642;24524;6643;6644;24525;6645;6646;24526;6647;6648,4
cp12mer-525;8583;8584;26397;8585;8586;26398;8587;8588;26401;8589;8590,4
cp12mer-1402;16753;16754;34438;16755;16756;34439;16757;16758;34440;16759;16761,4
cp12mer-202;5582;5583;23477;5584;5585;23479;5587;5588;23480;5589;5590,4
cp12mer-146;5024;5025;22934;5026;5027;22935;5029;5030;22936;5031;5032,4
cp12mer-112;4714;4715;22624;4717;4718;22625;4719;4720;22626;4721;4722,4
cp12mer-1313;15941;15942;33656;15943;15944;33657;15945;15946;33658;15947;15948,4
cp12mer-5;3704;3705;21653;3706;3707;21654;3708;3709;21655;3710;3711,4
cp12mer-1421;16926;16927;34619;16928;16929;34620;16930;16931;34621;16932;16933,4
cp12mer-1489;17512;17513;35213;17514;17515;35214;17516;17517;35215;17518;17519,4
cp12mer-329;6756;6757;24647;6758;6759;24648;6760;6761;24649;6762;6763,4
cp12mer-654;9829;9830;27618;9831;9832;27619;9833;9834;27620;9835;9836,4
cp12mer-220;5737;5738;23645;5739;5740;23646;5741;5742;23647;5743;5744,4
cp12mer-1238;15223;15224;33001;15225;15226;33002;15227;15228;33003;15229;15230,4
cp12mer-30;3923;3924;21872;3925;3926;21873;3927;3928;21874;3929;3930,4
cp12mer-114;4732;4733;22640;4734;4735;22641;4736;4738;22642;4739;4740,4
cp12mer-591;9209;9210;27053;9211;9212;27054;9213;9214;27055;9215;9216,4
cp12mer-1533;17914;17915;35588;17916;17917;35589;17918;17919;35590;17920;17921,4
cp12mer-1373;16478;16479;34178;16480;16481;34179;16482;16483;34180;16484;16485,4
cp12mer-87;4477;4478;22401;4479;4481;22402;4482;4483;22403;4484;4486,4
cp12mer-67;4285;4286;22202;4287;4288;22203;4289;4290;22204;4291;4293,4
cp12mer-811;11365;11366;29105;11367;11368;29106;11369;11370;29107;11371;11372,4
cp12mer-648;9779;9780;27561;9781;9782;27562;9783;9784;27563;9785;9786,4
cp12mer-1016;13195;13196;30975;13197;13198;30976;13199;13200;30977;13201;13202,4
cp12mer-477;8155;8156;25986;8157;8158;25987;8159;8160;25988;8161;8162,4
cp12mer-1444;17141;17142;34834;17143;17144;34835;17146;17147;34836;17148;17149,4
cp12mer-805;11302;11303;29054;11304;11306;29055;11307;11308;29056;11309;11310,4
cp12mer-615;9452;9453;27249;9454;9455;27250;9456;9457;27251;9458;9459,4
cp12mer-244;5966;5967;23860;5968;5969;23861;5970;5971;23862;5972;5973,4
cp12mer-1035;13371;13372;31155;13373;13374;31156;13375;13377;31158;13378;13379,4
cp12mer-239;5924;5925;23820;5926;5927;23821;5928;5929;23822;5930;5931,4
cp12mer-1467;17332;17333;35026;17334;17335;35027;17336;17337;35028;17338;17339,4
cp12mer-867;11849;11850;29589;11851;11853;29590;11855;11856;29591;11857;11858,4
cp12mer-662;9906;9907;27684;9908;9909;27685;9910;9911;27686;9912;9913,4
cp12mer-1337;16144;16145;33868;16146;16147;33869;16148;16149;33870;16150;16151,4
cp12mer-836;11580;11581;29319;11582;11584;29320;11585;11586;29321;11587;11588,4
cp12mer-85;4458;4459;22385;4460;4461;22386;4462;4463;22387;4464;4466,4
cp12mer-961;12689;12690;30456;12691;12692;30457;12693;12694;30458;12695;12696,4
cp12mer-1263;15442;15443;33222;15444;15445;33223;15446;15447;33224;15448;15449,4
cp12mer-224;5771;5772;23687;5773;5774;23688;5775;5777;23689;5778;5779,4
cp12mer-771;11002;11003;28692;11004;11005;28693;11007;11008;28694;11009;11010,4
cp12mer-26;3890;3892;21837;3893;3894;21838;3895;3896;21839;3897;3898,4
cp12mer-777;11051;11052;28766;11053;11055;28767;11056;11057;28768;11058;11059,3
cp12mer-247;5991;5992;23884;5993;5994;23885;5995;5996;23886;5997;5998,3
cp12mer-955;12638;12639;30405;12640;12641;30407;12642;12643;30408;12644;12645,3
cp12mer-1033;13353;13355;31139;13356;13357;31140;13358;13359;31141;13360;13361,3
cp12mer-1093;13895;13896;31675;13897;13898;31676;13899;13900;31677;13901;13902,3
cp12mer-993;12988;12989;30736;12990;12991;30737;12992;12993;30738;12994;12995,3
cp12mer-876;11927;11928;29664;11929;11930;29665;11931;11932;29666;11933;11934,3
cp12mer-1071;13706;13707;31477;13708;13709;31478;13710;13711;31479;13712;13713,3
cp12mer-1378;16520;16521;34218;16522;16523;34219;16524;16525;34220;16526;16527,3
cp12mer-579;9102;9103;26930;9104;9105;26931;9106;9107;26932;9108;9109,3
cp12mer-1353;16302;16303;33999;16304;16305;34000;16308;16309;34001;16310;16311,3
cp12mer-1018;13212;13213;30992;13214;13215;30993;13216;13217;30994;13218;13219,3
cp12mer-934;12445;12446;30205;12447;12448;30206;12449;12450;30207;12451;12452,3
cp12mer-564;8976;8977;26788;8978;8979;26789;8980;8981;26790;8982;8983,3
cp12mer-606;9338;9339;27174;9340;9341;27175;9342;9343;27176;9344;9345,3
cp12mer-298;6481;6482;24349;6483;6484;24350;6485;6486;24351;6487;6488,3
cp12mer-1291;15734;15735;33470;15736;15737;33471;15738;15739;33472;15740;15741,3
cp12mer-1505;17667;17668;35345;17669;17670;35346;17671;17672;35347;17673;17674,3
cp12mer-1439;17101;17102;34794;17103;17104;34795;17105;17106;34796;17107;17108,3
cp12mer-134;4908;4909;22824;4910;4911;22825;4912;4913;22826;4914;4915,3
cp12mer-1078;13773;13774;31535;13775;13776;31536;13777;13778;31537;13779;13780,3
cp12mer-1160;14491;14492;32278;14493;14494;32279;14495;14496;32280;14497;14498,3
cp12mer-1048;13497;13498;31286;13499;13500;31287;13501;13502;31288;13503;13504,3
cp12mer-841;11624;11625;29368;11626;11627;29369;11628;11629;29370;11630;11631,3
cp12mer-11;3762;3763;21704;3764;3765;21705;3766;3767;21706;3768;3769,3
cp12mer-1072;13714;13715;31486;13716;13717;31487;13718;13719;31488;13720;13721,3
cp12mer-1097;13930;13931;31717;13932;13933;31718;13934;13935;31719;13936;13937,3
cp12mer-827;11497;11498;29238;11499;11500;29239;11501;11502;29240;11503;11505,3
cp12mer-639;9704;9705;27471;9706;9707;27472;9708;9709;27473;9710;9711,3
cp12mer-938;12478;12479;30237;12480;12481;30238;12482;12483;30239;12484;12485,3
cp12mer-219;5727;5728;23637;5729;5731;23638;5732;5734;23639;5735;5736,3
cp12mer-1470;17357;17358;35059;17359;17360;35060;17361;17362;35061;17363;17364,3
cp12mer-1132;14235;14236;32034;14237;14239;32035;14241;14242;32036;14243;14244,3
cp12mer-1003;13089;13090;30828;13091;13092;30829;13093;13094;30830;13095;13096,3
cp12mer-113;4723;4725;22632;4726;4727;22633;4728;4729;22634;4730;4731,3
cp12mer-772;11011;11012;28700;11013;11014;28701;11015;11016;28702;11017;11018,3
cp12mer-1362;16386;16387;34089;16388;16389;34090;16391;16392;34091;16394;16395,3
cp12mer-861;11790;11791;29531;11792;11793;29532;11794;11795;29533;11796;11797,3
cp12mer-1400;16735;16736;34422;16737;16738;34423;16739;16740;34424;16741;16742,3
cp12mer-622;9549;9550;27314;9551;9552;27315;9553;9554;27316;9555;9556,3
cp12mer-1403;16762;16763;34446;16764;16765;34447;16766;16767;34448;16768;16770,3
cp12mer-108;4681;4682;22592;4683;4684;22593;4685;4686;22594;4687;4688,3
cp12mer-1005;13105;13106;30845;13107;13108;30846;13109;13110;30847;13111;13112,3
cp12mer-1478;17422;17423;35125;17424;17425;35126;17426;17427;35127;17428;17429,3
cp12mer-1495;17569;17570;35262;17571;17572;35263;17573;17574;35264;17575;17576,3
cp12mer-281;6295;6296;24207;6297;6298;24208;6299;6300;24209;6301;6302,3
cp12mer-576;9078;9079;26904;9080;9081;26906;9082;9083;26907;9084;9085,3
cp12mer-1164;14534;14535;32310;14536;14537;32311;14538;14539;32312;14540;14541,3
cp12mer-432;7715;7716;25570;7717;7718;25571;7719;7720;25572;7721;7722,3
cp12mer-61;4228;4229;22154;4230;4232;22155;4233;4234;22156;4235;4236,3
cp12mer-1432;17041;17042;34727;17043;17044;34728;17045;17046;34729;17048;17049,3
cp12mer-1079;13781;13782;31543;13783;13784;31544;13785;13786;31545;13787;13788,3
cp12mer-1366;16421;16422;34121;16423;16424;34122;16425;16426;34123;16427;16428,3
cp12mer-824;11471;11472;29214;11473;11474;29215;11475;11477;29216;11478;11479,3
cp12mer-797;11238;11239;28980;11240;11241;28981;11242;11243;28982;11244;11245,3
cp12mer-1167;14559;14560;32336;14561;14562;32337;14563;14564;32338;14565;14566,3
cp12mer-1312;15933;15934;33648;15935;15936;33649;15937;15938;33650;15939;15940,3
cp12mer-1113;14069;14070;31846;14071;14072;31847;14073;14074;31848;14075;14076,3
cp12mer-879;11951;11952;29690;11953;11954;29692;11955;11956;29693;11957;11958,3
cp12mer-838;11597;11599;29336;11600;11601;29337;11602;11603;29338;11604;11606,3
cp12mer-1212;14977;14978;32767;14979;14980;32768;14981;14982;32769;14983;14984,3
cp12mer-271;6205;6206;24117;6207;6208;24118;6209;6210;24119;6211;6212,3
cp12mer-357;6997;6998;24894;6999;7000;24895;7001;7002;24896;7003;7004,3
cp12mer-1042;13440;13441;31230;13442;13443;31231;13444;13445;31232;13446;13447,3
cp12mer-1380;16536;16537;34235;16538;16539;34236;16540;16541;34237;16542;16543,3
cp12mer-1116;14094;14095;31871;14097;14098;31872;14099;14100;31873;14101;14102,3
cp12mer-1141;14311;14312;32118;14313;14314;32119;14315;14316;32120;14317;14318,3
cp12mer-627;9606;9607;27357;9608;9609;27358;9610;9611;27359;9612;9613,3
cp12mer-371;7138;7139;25021;7140;7141;25022;7142;7143;25023;7144;7145,3
cp12mer-872;11893;11894;29632;11895;11896;29633;11897;11898;29634;11899;11900,3
cp12mer-57;4187;4188;22113;4189;4190;22114;4191;4192;22115;4193;4194,3
cp12mer-637;9688;9689;27454;9690;9691;27456;9692;9693;27457;9694;9695,3
cp12mer-1419;16909;16910;34593;16911;16913;34594;16914;16915;34595;16916;16917,3
cp12mer-425;7641;7642;25510;7643;7644;25511;7645;7646;25512;7647;7648,3
cp12mer-227;5804;5805;23712;5806;5807;23713;5808;5809;23714;5810;5812,3
cp12mer-1011;13155;13156;30918;13157;13158;30919;13159;13160;30920;13161;13162,3
cp12mer-469;8081;8082;25902;8083;8084;25903;8085;8086;25904;8087;8088,3
cp12mer-822;11455;11456;29196;11457;11458;29197;11459;11460;29198;11461;11462,3
cp12mer-1464;17308;17309;35001;17310;17311;35002;17312;17313;35003;17314;17315,3
cp12mer-820;11438;11440;29180;11441;11442;29181;11443;11444;29182;11445;11446,3
cp12mer-917;12279;12280;30058;12281;12282;30059;12283;12284;30060;12285;12286,3
cp12mer-1335;16126;16127;33852;16128;16129;33853;16130;16132;33854;16133;16134,3
cp12mer-713;10416;10417;28130;10418;10419;28131;10420;10421;28132;10423;10424,3
cp12mer-1010;13147;13148;30910;13149;13150;30911;13151;13152;30912;13153;13154,3
cp12mer-1187;14726;14727;32545;14728;14729;32546;14730;14731;32547;14732;14733,3
cp12mer-850;11699;11700;29441;11701;11702;29442;11703;11704;29443;11705;11706,3
cp12mer-984;12897;12898;30654;12899;12900;30655;12901;12902;30656;12903;12904,3
cp12mer-1157;14466;14467;32252;14468;14469;32253;14470;14471;32254;14472;14473,3
cp12mer-250;6015;6016;23909;6017;6018;23910;6019;6020;23911;6021;6022,3
cp12mer-1398;16718;16719;34398;16720;16721;34399;16722;16723;34400;16724;16725,3
cp12mer-782;11101;11102;28814;11103;11104;28815;11105;11106;239941;11107;11108,3
cp12mer-267;6164;6165;24073;6166;6168;24074;6169;6170;24075;6171;6172,3
cp12mer-655;9837;9838;27626;9839;9840;27627;9841;9842;27628;9843;9844,3
cp12mer-1487;17496;17497;35197;17498;17499;35198;17500;17501;35199;17502;17503,3
cp12mer-103;4630;4631;22551;4632;4633;22552;4634;4635;22553;4636;4637,3
cp12mer-1111;14049;14052;31830;14053;14054;31831;14055;14056;31832;14057;14058,2
cp12mer-741;10675;10676;28402;10677;10678;28403;10679;10680;28404;10681;10682,2
cp12mer-1133;14245;14246;32043;14247;14248;32044;14249;14250;32045;14251;14252,2
cp12mer-1522;17825;17826;35496;17827;17828;35498;17829;17830;35499;17831;17832,2
cp12mer-789;11169;11170;28887;11171;11172;28888;11173;11174;28889;11175;11176,2
cp12mer-791;11185;11186;28904;11187;11188;28905;11189;11190;28906;11191;11194,2
cp12mer-210;5649;5650;23547;5651;5652;23548;5653;5654;23549;5655;5656,2
cp12mer-111;4705;4706;22616;4707;4708;22617;4709;4711;22618;4712;4713,2
cp12mer-1120;14127;14128;31911;14129;14130;31912;14131;14132;31914;14133;14134,2
cp12mer-888;12032;12033;29781;12034;12035;29782;12036;12037;239986;12038;12039,2
cp12mer-1488;17504;17505;35205;17506;17507;35206;17508;17509;35207;17510;17511,2
cp12mer-1534;17923;17924;35596;17925;17927;35597;17928;17929;35598;17930;17931,2
cp12mer-334;6797;6799;24688;6801;6802;24689;6803;6804;24690;6805;6806,2
cp12mer-372;7154;7155;25031;7156;7157;25032;7158;7159;25033;7160;7161,2
cp12mer-790;11177;11178;28895;11179;11180;28896;11181;11182;28898;11183;11184,2
cp12mer-890;12049;12050;29797;12051;12052;29798;12053;12054;29800;12055;12056,2
cp12mer-1065;13657;13658;31428;13659;13660;31429;13661;13662;31430;13663;13664,2
cp12mer-359;7013;7014;24910;7015;7016;24911;7017;7018;24912;7019;7020,2
cp12mer-1129;14211;14212;31993;14213;14214;31995;14215;14216;31996;14217;14218,2
cp12mer-640;9712;9713;27479;9714;9715;27480;9716;9717;27481;9718;9719,2
cp12mer-751;10808;10809;28492;10810;10811;28493;10812;10813;28494;10814;10815,2
cp12mer-851;11707;11708;29449;11709;11710;29450;11711;11713;29451;11714;11715,2
cp12mer-1074;13730;13731;31502;13732;13733;31503;13734;13735;31504;13736;13737,2
cp12mer-1050;13513;13514;31304;13515;13516;31305;13517;13518;31306;13519;13520,2
cp12mer-12;3770;3771;21713;3772;3773;21714;3774;3775;21715;3776;3777,2
cp12mer-1201;14869;14870;32667;14871;14872;32668;14873;14874;32669;14875;14876,2
cp12mer-949;12589;12590;30352;12591;12592;239985;12593;12594;30354;12595;12596,2
cp12mer-1088;13855;13856;31625;13857;13858;31626;13859;13860;31627;13861;13862,2
cp12mer-885;12007;12008;29749;12009;12010;29750;12011;12012;29751;12013;12014,2
cp12mer-1492;17544;17545;35238;17547;17548;35239;17549;17550;35240;17551;17552,2
cp12mer-9;3746;3747;21688;3748;3749;21689;3750;3751;21690;3752;3753,2
cp12mer-1075;13739;13740;31511;13741;13742;31512;13743;13744;31513;13745;13746,2
cp12mer-871;11884;11886;29624;11887;11888;29625;11889;11890;29626;11891;11892,2
cp12mer-1002;13081;13082;30818;13083;13084;30819;13085;13086;30820;13087;13088,2
cp12mer-1070;13698;13699;31469;13700;13701;31470;13702;13703;31471;13704;13705,2
cp12mer-1309;15899;15900;33622;15901;15902;33623;15903;15904;33624;15905;15906,2
cp12mer-1049;13505;13506;31296;13507;13508;31297;13509;13510;31298;13511;13512,2
cp12mer-1086;13838;13840;31609;13841;13842;31610;13843;13844;31611;13845;13846,2
cp12mer-253;6041;6042;23934;6043;6044;23935;6045;6046;23936;6047;6048,2
cp12mer-953;12622;12623;30388;12624;12625;30390;12626;12627;30391;12628;12629,2
cp12mer-1114;14077;14078;31854;14079;14080;31855;14081;14082;31856;14083;14085,2
cp12mer-942;12512;12513;30269;12514;12515;30270;12516;12517;30271;12518;12519,2
cp12mer-577;9086;9087;26913;9088;9089;26914;9090;9091;26915;9092;9093,2
cp12mer-148;5050;5051;22952;5052;5053;22953;5054;5055;22954;5056;5057,2
cp12mer-720;10473;10474;28203;10475;10476;28204;10478;10479;28205;10480;10481,2
cp12mer-399;7414;7415;25270;7416;7417;25271;7418;7419;25272;7420;7421,2
cp12mer-1420;16918;16919;34603;16920;16921;34604;16922;16923;34605;16924;16925,2
cp12mer-279;6279;6280;24191;6281;6282;24192;6283;6284;24193;6285;6286,2
cp12mer-840;11616;11617;29352;11618;11619;29353;11620;11621;29354;11622;11623,2
cp12mer-891;12065;12066;29807;12067;12068;29808;12069;12070;29810;12071;12072,2
cp12mer-1290;15718;15719;33461;15720;15721;33463;15722;15723;33464;15724;15725,2
cp12mer-1348;16259;16260;33959;16261;16262;33960;16263;16264;33961;16265;16266,2
cp12mer-1067;13673;13674;31445;13675;13676;239993;13677;13678;31447;13679;13680,2
cp12mer-335;6807;6808;24697;6809;6810;24698;6811;6812;24699;6813;6814,2
cp12mer-899;12130;12131;29884;12132;12133;29885;12134;12135;29886;12136;12137,2
cp12mer-1025;13281;13282;31073;13283;13284;31074;13285;13286;31075;13287;13288,2
cp12mer-331;6773;6774;24663;6775;6776;24664;6777;6778;24665;6779;6780,2
cp12mer-1532;17906;17907;35579;17908;17909;35581;17910;17911;35582;17912;17913,2
cp12mer-441;7811;7812;25653;7813;7814;25654;7815;7816;25655;7817;7818,2
cp12mer-798;11246;11247;28988;11248;11249;28989;11250;11251;28990;11252;11253,2
cp12mer-982;12871;12872;30638;12873;12875;30639;12876;12877;30640;12878;12879,2
cp12mer-1046;13480;13481;239936;13482;13483;31271;13484;13485;31272;13486;13487,2
cp12mer-235;5874;5875;23778;5876;5877;23779;5878;5879;23780;5880;5881,2
cp12mer-818;11422;11423;29164;11424;11425;29165;11426;11427;29166;11428;11429,2
cp12mer-115;4741;4742;22650;4743;4744;22652;4745;4746;22653;4747;4748,2
cp12mer-1101;13964;13965;31749;13966;13967;31750;13968;13969;31751;13971;13972,2
cp12mer-941;12502;12503;30261;12504;12505;30262;12506;12507;30263;12508;12509,2
cp12mer-1325;16041;16042;33762;16043;16044;33763;16045;16046;33764;16047;16048,2
cp12mer-207;5625;5626;23521;5627;5628;23523;5629;5630;23524;5631;5632,2
cp12mer-1142;14319;14320;32126;14321;14322;32127;14323;14324;32128;14325;14326,2
cp12mer-800;11262;11263;29004;11264;11265;29005;11266;11267;29006;11268;11269,2
cp12mer-287;6345;6346;24258;6347;6348;24259;6349;6350;24260;6351;6352,2
cp12mer-1286;15677;15678;33429;15679;15680;33430;15681;15682;33431;15683;15684,2
cp12mer-306;6554;6555;24421;6556;6557;24422;6558;6559;24423;6560;6561,2
cp12mer-1032;13345;13346;31130;13347;13348;31131;13349;13350;31132;13351;13352,2
cp12mer-209;5641;5642;23539;5643;5644;23540;5645;5646;23541;5647;5648,2
cp12mer-1108;14024;14025;31806;14026;14027;31807;14028;14029;31808;14030;14032,2
cp12mer-1475;17398;17399;35099;17400;17401;35100;17402;17403;35101;17404;17405,2
cp12mer-238;5916;5917;23804;5918;5919;23805;5920;5921;23806;5922;5923,2
cp12mer-845;11656;11657;29400;11658;11659;29401;11660;11661;29402;11662;11663,2
cp12mer-1103;13982;13983;31765;13984;13986;31766;13987;13988;31767;13989;13990,2
cp12mer-923;12348;12349;30115;12351;12352;30116;12353;12354;30117;12355;12356,2
cp12mer-484;8211;8212;26044;8213;8214;26045;8215;8216;26046;8217;8218,2
cp12mer-763;10926;10927;28601;10928;10930;28602;10931;10932;28603;10933;10934,2
cp12mer-1153;14431;14432;32219;14433;14434;32220;14435;14436;32221;14437;14438,2
cp12mer-1081;13797;13798;31567;13799;13801;31569;13802;13803;31570;13804;13805,2
cp12mer-1318;15983;15984;33705;15985;15986;33706;15987;15988;33707;15989;15990,2
cp12mer-1438;17093;17094;34786;17095;17096;34787;17097;17098;34788;17099;17100,2
cp12mer-916;12271;12272;30050;12273;12274;30051;12275;12276;30052;12277;12278,2
cp12mer-829;11523;11524;29254;11525;11526;29255;11527;11528;29256;11529;11530,2
cp12mer-1280;15620;15621;33379;15622;15623;33380;15624;15625;33381;15626;15627,2
cp12mer-522;8558;8559;26372;8560;8561;26373;8562;8563;26374;8564;8565,2
cp12mer-55;4170;4171;22097;4173;4174;22098;4175;4176;22099;4177;4178,2
cp12mer-817;11414;11415;29155;11416;11417;29156;11418;11419;29157;11420;11421,2
cp12mer-819;11430;11431;29172;11432;11433;29173;11434;11435;29174;11436;11437,2
cp12mer-15;3796;3797;21745;3798;3799;21746;3800;3801;21747;3802;3803,2
cp12mer-701;10288;10289;28029;10290;10291;28030;10292;10293;28031;10294;10295,2
cp12mer-1246;15292;15293;239981;15294;15295;239984;15296;15297;33070;15298;15299,2
cp12mer-1149;14389;14390;32185;14391;14392;32188;14393;14394;32189;14395;14396,2
cp12mer-80;4415;4416;22335;4417;4418;22336;4419;4420;22337;4421;4422,2
cp12mer-856;11748;11749;239974;11750;11751;29491;11752;11753;29492;11754;11755,2
cp12mer-1126;14186;14187;31968;14188;14189;31969;14190;14191;31970;14192;14193,2
cp12mer-902;12154;12155;29908;12156;12157;29909;12158;12159;29910;12160;12161,2
cp12mer-1248;15309;15310;239980;15312;15313;33102;15314;15315;239983;15316;15317,2
cp12mer-213;5674;5676;23571;5677;5678;23572;5679;5680;23573;5681;5682,2
cp12mer-454;7927;7928;25761;7929;7930;25762;7931;7932;25763;7933;7934,2
cp12mer-272;6213;6214;24125;6215;6216;24126;6217;6219;24127;6220;6221,2
cp12mer-261;6106;6107;24025;6108;6109;24026;6110;6111;24027;6112;6113,2
cp12mer-1054;13547;13548;31338;13549;13550;31339;13551;13552;31340;13554;13555,2
cp12mer-1040;13423;13424;31205;13425;13426;31206;13427;13428;31207;13429;13430,2
cp12mer-828;11506;11507;29246;11508;11509;29247;11510;11511;29248;11512;11513,2
cp12mer-56;4179;4180;22105;4181;4182;22106;4183;4184;22107;4185;4186,2
cp12mer-816;11406;11407;29147;11408;11409;29148;11410;11411;29149;11412;11413,2
cp12mer-521;8550;8551;26364;8552;8553;26365;8554;8555;26366;8556;8557,2
cp12mer-405;7463;7464;25327;7465;7466;25328;7467;7468;25329;7469;7471,2
cp12mer-1013;13171;13172;30934;13173;13174;30935;13175;13176;30936;13177;13178,2
cp12mer-1247;15300;15301;239934;15302;15303;33094;15304;15305;33095;15306;15308,2
cp12mer-661;9898;9899;27675;9900;9901;27676;9902;9903;27678;9904;9905,2
cp12mer-1342;16184;16185;33911;16186;16187;33912;16188;16189;33913;16190;16191,2
cp12mer-1310;15907;15909;33631;15910;15911;33632;15912;15913;33633;15914;15915,2
cp12mer-846;11664;11665;29408;11666;11667;29409;11668;11669;29410;11670;11671,2
cp12mer-1060;13606;13607;31386;13608;13609;31387;13610;13611;31388;13612;13613,2
cp12mer-140;4956;4957;22876;4958;4959;22877;4960;4961;22878;4962;4963,2
cp12mer-1147;14371;14372;32167;14373;14374;32168;14375;14376;32169;14377;14379,2
cp12mer-742;10683;10684;28410;10685;10686;28411;10687;10688;28412;10689;10690,2
cp12mer-1099;13946;13947;31733;13948;13949;31734;13950;13951;31735;13953;13954,2
cp12mer-1168;14567;14568;32353;14569;14570;32354;14572;14573;32355;14574;14575,2
cp12mer-1027;13297;13298;31090;13299;13300;31091;13301;13302;31092;13303;13304,2
cp12mer-710;10392;10393;28104;10394;10395;28105;10396;10397;28106;10398;10399,2
cp12mer-116;4749;4750;22659;4751;4752;22660;4753;4754;22661;4755;4756,2
cp12mer-812;11373;11374;29113;11375;11376;29114;11377;11378;29115;11379;11381,2
cp12mer-1102;13974;13975;31757;13976;13977;31758;13978;13979;31759;13980;13981,2
cp12mer-1278;15604;15605;33354;15606;15607;33355;15608;15609;33356;15610;15611,1
cp12mer-1196;14818;14819;32627;14820;14821;32628;14822;14823;32629;14824;14825,1
cp12mer-837;11589;11590;29328;11591;11592;29329;11593;11594;29330;11595;11596,1
cp12mer-1031;13329;13330;31122;13331;13332;31123;13333;13334;31124;13335;13336,1
cp12mer-989;12955;12956;30704;12957;12958;30705;12959;12960;30706;12961;12962,1
cp12mer-1424;16950;16951;34645;16952;16953;34646;16954;16955;34647;16956;16958,1
cp12mer-64;4261;4262;22178;4263;4264;22179;4265;4266;22180;4267;4268,1
cp12mer-1406;16796;16797;34471;16798;16799;34472;16800;16802;34473;16803;16804,1
cp12mer-147;5041;5042;22942;5043;5044;22943;5046;5047;22945;5048;5049,1
cp12mer-997;13028;13029;30768;13030;13031;30769;13032;13033;30770;13034;13035,1
cp12mer-623;9565;9566;27323;9567;9568;27326;9569;9570;27327;9571;9572,1
cp12mer-457;7955;7956;25786;7957;7958;25787;7959;7960;25788;7961;7962,1
cp12mer-908;12204;12205;29976;12207;12208;29977;12209;12210;29978;12211;12212,1
cp12mer-1012;13163;13164;30926;13165;13166;30927;13167;13168;30928;13169;13170,1
cp12mer-480;8179;8180;26012;8181;8182;26013;8183;8184;26014;8185;8186,1
cp12mer-409;7497;7498;25361;7499;7500;25362;7501;7502;25363;7503;7504,1
cp12mer-970;12771;12772;30530;12773;12774;30531;12775;12777;30532;12778;12779,1
cp12mer-1523;17833;17834;35505;17835;17836;35506;17837;17838;35507;17839;17840,1
cp12mer-969;12763;12764;30522;12765;12766;30523;12767;12768;30524;12769;12770,1
cp12mer-1351;16283;16284;33983;16285;16286;33984;16287;16288;33985;16289;16290,1
cp12mer-1418;16900;16901;34585;16903;16904;34586;16905;16906;34587;16907;16908,1
cp12mer-117;4757;4758;22667;4759;4760;22668;4761;4762;22669;4763;4764,1
cp12mer-1445;17150;17151;34842;17152;17153;34844;17154;17155;34845;17156;17157,1
cp12mer-242;5949;5950;23844;5951;5952;23845;5953;5954;23846;5956;5957,1
cp12mer-53;4152;4153;22078;4154;4155;22079;4156;4157;22080;4158;4159,1
cp12mer-208;5633;5634;23531;5635;5636;23532;5637;5638;23533;5639;5640,1
cp12mer-389;7324;7325;25188;7326;7327;25189;7328;7329;25190;7330;7331,1
cp12mer-1292;15742;15743;33478;15744;15745;33479;15746;15747;33480;15748;15749,1
cp12mer-445;7843;7844;25687;7845;7846;25688;7847;7848;25689;7849;7850,1
cp12mer-932;12429;12430;30189;12431;12432;30190;12433;12434;30191;12435;12436,1
cp12mer-1190;14750;14751;32570;14752;14753;32571;14754;14755;32572;14756;14757,1
cp12mer-981;12862;12863;30630;12864;12865;30631;12866;12867;30632;12868;12869,1
cp12mer-1376;16502;16503;34202;16504;16505;34203;16506;16507;34204;16508;16509,1
cp12mer-1193;14783;14784;32595;14785;14786;32596;14788;14789;32597;14790;14791,1
cp12mer-806;11320;11321;29063;11324;11325;239987;11326;11328;29066;11329;11330,1
cp12mer-1076;13757;13758;31519;13759;13760;31520;13761;13762;31521;13763;13764,1
cp12mer-626;9598;9599;27349;9600;9601;27350;9602;9603;27351;9604;9605,1
cp12mer-1490;17520;17521;35221;17522;17523;35222;17524;17525;35223;17526;17527,1
cp12mer-1267;15477;15478;33262;15479;15480;33264;15481;15482;33265;15483;15484,1
cp12mer-919;12295;12296;30074;12297;12298;30075;12299;12300;30076;12302;12303,1
cp12mer-792;11195;11196;28912;11197;11198;28913;11199;11200;28914;11201;11202,1
cp12mer-979;12845;12846;30613;12847;12848;30614;12849;12850;30615;12852;12853,1
cp12mer-479;8171;8172;26003;8173;8174;26004;8175;8176;26005;8177;8178,1
cp12mer-1170;14584;14585;32378;14586;14587;32379;14588;14589;32380;14590;14591,1
cp12mer-905;12179;12180;29934;12181;12182;29935;12183;12184;29936;12185;12186,1
cp12mer-1184;14702;14703;32521;14704;14705;32522;14706;14707;32523;14708;14709,1
cp12mer-233;5855;5856;23760;5857;5860;23761;5861;5862;23762;5863;5864,1
cp12mer-1433;17050;17051;34735;17052;17053;34736;17054;17055;34737;17056;17057,1
cp12mer-596;9249;9250;27093;9251;9252;27094;9253;9254;27095;9255;9256,1
cp12mer-629;9623;9624;27374;9625;9626;27375;9627;9628;27376;9629;9630,1
cp12mer-844;11648;11649;29392;11650;11651;29393;11652;11653;29394;11654;11655,1
cp12mer-880;11959;11960;29707;11961;11962;29708;11963;11964;29709;11965;11966,1
cp12mer-862;11798;11799;29539;11800;11801;29540;11802;11803;29541;11804;11805,1
cp12mer-1333;16109;16110;33836;16111;16112;33837;16113;16114;33838;16115;16116,1
cp12mer-1014;13179;13180;30943;13181;13182;30944;13183;13184;30945;13185;13186,1
cp12mer-1408;16813;16814;34488;16815;16816;34489;16817;16818;34490;16819;16822,1
cp12mer-1236;15205;15206;32985;15207;15208;32986;15209;15210;32987;15211;15213,1
cp12mer-830;11531;11532;29262;11533;11534;29263;11535;11536;29264;11537;11538,1
cp12mer-1009;13139;13140;239994;13141;13142;30878;13143;13144;30879;13145;13146,1
cp12mer-29;3915;3916;21863;3917;3918;21864;3919;3920;21865;3921;3922,1
cp12mer-692;10205;10206;27956;10207;10208;27957;10209;10210;27958;10211;10212,1
cp12mer-975;12812;12813;30570;12814;12815;30571;12816;12817;30572;12818;12819,1
cp12mer-1384;16569;16570;34276;16571;16572;34277;16573;16574;34278;16575;16576,1
cp12mer-260;6097;6098;24017;6099;6100;24018;6101;6103;24019;6104;6105,1
cp12mer-1202;14877;14878;32675;14879;14880;32676;14881;14882;32677;14883;14884,1
cp12mer-1205;14910;14911;32699;14912;14913;32700;14914;14915;32701;14916;14917,1
cp12mer-832;11547;11548;29278;11549;11550;29279;11551;11552;29280;11553;11554,1
cp12mer-446;7851;7852;25695;7853;7854;25696;7856;7857;25697;7858;7859,1
cp12mer-1457;17251;17252;34942;17253;17254;34943;17255;17256;34944;17257;17258,1
cp12mer-1260;15417;15418;33198;15419;15420;33199;15421;15422;33200;15423;15424,1
cp12mer-852;11716;11717;29457;11718;11719;29458;11720;11721;29459;11722;11723,1
cp12mer-1390;16625;16626;34325;16627;16628;34326;16630;16631;34327;16632;16633,1
cp12mer-1336;16135;16136;33860;16137;16138;33861;16139;16140;33862;16141;16142,1
cp12mer-945;12545;12546;30312;12547;12548;30313;12549;12550;30314;12552;12553,1
cp12mer-965;12721;12722;30488;12723;12724;30489;12725;12726;30490;12727;12728,1
cp12mer-1343;16192;16193;33919;16194;16195;33920;16196;16197;33921;16198;16199,1
cp12mer-848;11681;11682;29425;11683;11684;29426;11685;11686;29427;11687;11688,1
cp12mer-1058;13590;13591;31370;13592;13593;31371;13594;13595;31372;13596;13597,1
cp12mer-1275;15562;15563;33328;15564;15565;33329;15566;15567;33330;15568;15569,1
cp12mer-343;6875;6876;24771;6877;6878;24772;6880;6881;24773;6882;6883,1
cp12mer-869;11868;11869;29606;11870;11871;29607;11872;11873;29608;11874;11875,1
cp12mer-428;7683;7684;25537;7685;7686;25538;7687;7688;25539;7689;7690,1
cp12mer-918;12287;12288;30066;12289;12290;30067;12291;12292;30068;12293;12294,1
cp12mer-478;8163;8164;25995;8165;8166;25996;8167;8168;25997;8169;8170,1
cp12mer-1276;15579;15580;33337;15582;15583;33338;15584;15585;33340;15586;15587,1
cp12mer-607;9346;9347;27182;9348;9349;27183;9350;9351;27184;9352;9353,1
cp12mer-863;11806;11807;239965;11808;11809;29557;11810;11811;29558;11812;11813,1
cp12mer-680;10080;10081;27858;10082;10083;27859;10084;10085;27860;10086;10087,1
cp12mer-1183;14694;14695;32513;14696;14697;32514;14698;14699;32515;14700;14701,1
cp12mer-105;4646;4647;22567;4648;4649;22568;4650;4651;22569;4652;4653,1
cp12mer-1512;17732;17733;35404;17734;17735;35405;17736;17737;35406;17738;17739,1
cp12mer-826;11488;11489;29230;11490;11491;29231;11492;11494;29232;11495;11496,1
cp12mer-1374;16486;16487;34186;16488;16489;34187;16490;16491;34188;16492;16493,1
cp12mer-1502;17634;17635;35320;17636;17637;35321;17638;17639;35322;17640;17641,1
cp12mer-994;12996;12997;30744;12998;12999;30745;13000;13001;30746;13002;13003,1
cp12mer-1326;16049;16050;33770;16051;16052;33771;16053;16055;33772;16056;16057,1
cp12mer-770;10994;10995;28684;10996;10997;28685;10998;10999;28686;11000;11001,1
cp12mer-285;6328;6329;24241;6330;6331;24242;6332;6333;24243;6335;6336,1
cp12mer-1136;14270;14271;32068;14272;14273;32069;14274;14275;32070;14276;14277,1
cp12mer-588;9185;9186;27004;9187;9188;27005;9189;9190;27006;9191;9192,1
cp12mer-1319;15991;15992;33713;15993;15994;33714;15995;15997;33715;15998;15999,1
cp12mer-1514;17758;17759;35420;17760;17761;35421;17762;17763;35423;17764;17765,1
cp12mer-644;9747;9748;27519;9749;9750;27520;9751;9752;27521;9753;9754,1
cp12mer-1211;14968;14969;32757;14970;14971;32758;14972;14973;32759;14974;14976,1
cp12mer-1324;16033;16034;33753;16035;16036;33754;16037;16038;33755;16039;16040,1
cp12mer-1001;13072;13074;30810;13075;13076;30811;13077;13078;30812;13079;13080,1
cp12mer-732;10583;10584;28319;10585;10586;28320;10587;10588;28321;10589;10590,1
cp12mer-745;10716;10717;28435;10718;10719;28436;10720;10721;28437;10722;10723,1
cp12mer-221;5745;5746;23654;5748;5749;23655;5750;5751;23656;5752;5753,1
cp12mer-900;12138;12139;29892;12140;12141;29893;12142;12143;29894;12144;12145,1
cp12mer-780;11085;11086;28790;11087;11088;28791;11089;11090;28792;11091;11092,1
cp12mer-914;12254;12255;30034;12256;12257;30035;12258;12259;30036;12260;12261,1
cp12mer-1430;17025;17026;34703;17027;17028;34704;17029;17030;34705;17031;17032,1
cp12mer-123;4814;4815;22716;4816;4817;22717;4818;4819;22718;4820;4822,1
cp12mer-776;11043;11044;28750;11045;11046;28751;11047;11048;28752;11049;11050,1
cp12mer-1423;16942;16943;34637;16944;16945;34638;16946;16947;34639;16948;16949,1
cp12mer-1407;16805;16806;34480;16807;16808;239978;16809;16810;34482;16811;16812,1
cp12mer-1358;16344;16345;34051;16346;16347;34052;16348;16349;34054;16350;16351,1
cp12mer-404;7455;7456;25319;7457;7458;25320;7459;7460;25321;7461;7462,1
cp12mer-1110;14041;14042;31822;14043;14044;31823;14045;14046;31824;14047;14048,1
cp12mer-1372;16469;16470;34169;16471;16473;34170;16474;16475;34171;16476;16477,1
cp12mer-990;12963;12964;30712;12965;12966;30713;12967;12968;30714;12969;12970,1
cp12mer-1524;17842;17843;35513;17844;17845;35514;17846;17847;35515;17848;17849,1
cp12mer-349;6926;6927;24827;6928;6929;24828;6930;6932;24829;6933;6934,1
cp12mer-1176;14636;14637;32437;14638;14639;32438;14640;14641;32439;14642;14643,1
cp12mer-1273;15546;15547;33312;15548;15549;33313;15550;15551;33314;15552;15553,1
cp12mer-810;11356;11357;29097;11358;11359;29098;11360;11362;29099;11363;11364,1
cp12mer-1451;17202;17203;34891;17204;17205;34892;17206;17207;34893;17208;17209,1
cp12mer-1090;13871;13872;31642;13873;13874;31643;13875;13876;31645;13877;13878,1
cp12mer-1069;13689;13690;31461;13691;13693;31462;13694;13695;31463;13696;13697,1
cp12mer-529;8625;8626;26432;8627;8628;26433;8629;8632;26434;8633;8634,1
cp12mer-1404;16771;16772;34455;16773;16774;34456;16775;16776;34457;16777;16778,1
cp12mer-1038;13396;13397;31189;13398;13400;31190;13401;13402;31191;13403;13404,1
cp12mer-1296;15784;15785;33512;15786;15787;33513;15788;15789;33514;15790;15791,1
cp12mer-758;10875;10876;28550;10877;10878;28551;10879;10880;28552;10881;10882,1
cp12mer-1244;15275;15276;33051;15277;15278;33052;15279;15280;33053;15281;15282,1
cp12mer-886;12015;12016;29757;12017;12018;29758;12019;12020;29759;12021;12022,1
cp12mer-1316;15965;15966;33681;15967;15968;33682;15970;15971;33683;15972;15973,1
cp12mer-439;7773;7774;25637;7775;7777;25638;7778;7779;25639;7780;7781,1
cp12mer-921;12330;12332;30091;12333;12334;30092;12335;12336;30093;12337;12338,1
cp12mer-759;10891;10892;28558;10894;10895;28559;10896;10897;28560;10898;10899,1
cp12mer-19;3830;3831;21778;3832;3833;21779;3834;3835;21780;3836;3837,1
cp12mer-898;12121;12122;29876;12123;12124;29877;12125;12126;29878;12127;12129,1
cp12mer-1339;16160;16161;33886;16162;16163;33887;16164;16165;33888;16166;16167,1
cp12mer-601;9289;9290;27133;9291;9292;27134;9293;9294;27135;9295;9296,1
cp12mer-957;12654;12655;30422;12656;12657;30423;12658;12659;30424;12660;12661,1
cp12mer-1515;17766;17767;35429;17768;17769;35430;17770;17771;35431;17772;17773,1
cp12mer-676;10048;10049;27826;10050;10051;27827;10052;10053;27828;10054;10055,1
cp12mer-497;8335;8336;26152;8337;8338;26153;8339;8340;26154;8342;8343,1
cp12mer-925;12373;12374;30131;12375;12376;30132;12377;12378;30133;12379;12380,1
cp12mer-386;7292;7293;25163;7294;7295;25164;7296;7297;25165;7298;7299,1
cp12mer-1274;15554;15555;33320;15556;15557;33321;15558;15559;33322;15560;15561,1
cp12mer-225;5788;5789;23695;5790;5791;23696;5792;5793;23697;5794;5795,1
cp12mer-1427;16984;16985;34669;16986;16987;34670;16988;16989;34671;16991;16992,1
cp12mer-702;10307;10308;28037;10309;10310;28038;10311;10312;28039;10313;10314,1
cp12mer-1506;17675;17676;35353;17677;17678;35354;17679;17680;35355;17681;17683,1
cp12mer-1428;17001;17002;34686;17003;17004;34687;17005;17006;34688;17007;17008,1
cp12mer-354;6970;6971;24869;6972;6973;24870;6974;6976;24871;6977;6978,1
cp12mer-258;6081;6082;23991;6083;6084;23992;6085;6086;23993;6087;6088,1
cp12mer-794;11211;11212;28945;11213;11214;28946;11215;11216;28947;11217;11218,1
cp12mer-1223;15080;15081;32877;15082;15083;32878;15084;15085;32879;15086;15087,1
cp12mer-328;6747;6748;24639;6749;6750;24640;6751;6753;24641;6754;6755,1
cp12mer-937;12469;12470;30229;12471;12472;30230;12473;12474;30231;12475;12476,1
cp12mer-1483;17462;17463;35165;17464;17465;35166;17466;17467;35167;17468;17469,1
cp12mer-1139;14294;14295;32102;14296;14297;32103;14298;14299;32104;14300;14301,1
cp12mer-274;6230;6232;24141;6233;6234;24142;6235;6236;24143;6237;6238,1
cp12mer-1091;13879;13880;31659;13881;13882;31660;13883;13884;31661;13885;13886,1
cp12mer-499;8352;8353;26170;8354;8355;26171;8356;8357;26172;8358;8359,1
cp12mer-486;8227;8228;26060;8229;8230;26061;8231;8232;26062;8233;8234,1
cp12mer-1224;15088;15089;32885;15090;15091;32886;15092;15093;32887;15094;15095,1
cp12mer-825;11480;11481;29222;11482;11483;29223;11484;11485;29224;11486;11487,1
cp12mer-971;12780;12781;30538;12782;12783;30539;12784;12785;30540;12786;12787,1
cp12mer-290;6379;6380;24283;6381;6382;24284;6383;6385;24285;6386;6387,1
cp12mer-927;12389;12390;30147;12391;12392;30148;12393;12394;30151;12395;12396,1
cp12mer-569;9019;9020;26836;9021;9022;26837;9023;9024;26839;9025;9026,1
cp12mer-1158;14474;14475;32260;14476;14477;32261;14478;14479;32262;14480;14481,1
cp12mer-1182;14685;14686;32488;14687;14688;32490;14689;14690;32491;14691;14692,1
cp12mer-1456;17243;17244;34934;17245;17246;34935;17247;17248;34936;17249;17250,1
cp12mer-1148;14380;14382;32176;14383;14384;32177;14385;14386;32178;14387;14388,1
cp12mer-1346;16233;16235;33943;16236;16237;33944;16238;16239;33945;16240;16241,1
cp12mer-173;5289;5290;23215;5291;5292;23216;5293;5294;23217;5295;5296,1
cp12mer-821;11447;11448;29188;11449;11450;29189;11451;11452;29190;11453;11454,1
cp12mer-928;12397;12398;30157;12399;12400;30158;12401;12402;30159;12403;12404,1
cp12mer-1486;17487;17488;35189;17489;17490;35190;17491;17492;35191;17494;17495,1
cp12mer-1166;14551;14552;32326;14553;14554;32327;14555;14556;32328;14557;14558,1
